chr	pos	ref	alt	site_selection	p_value	count_normal	in_consensus	count_WGS_tumor	freq_WGS_tumor	Consequence	genie_mut_patients	genie_mut_freq	genie_mut_bladder	genie_mut_bladder_freq	VARTYPE	value	p	system	in_saturation
chr5	1294942	C	A	0.0	1.0	0.0	1.0												0.0
chr5	1294942	C	G	0.0	1.0	0.0	1.0												0.0
chr5	1294942	C	T	0.0	1.0	0.0	1.0												0.0
chr5	1294943	C	A	0.0	1.0	0.0	1.0												0.0
chr5	1294943	C	G	0.0	1.0	0.0	1.0												0.0
chr5	1294943	C	T	0.0	1.0	0.0	1.0												0.0
chr5	1294944	T	A	0.0	1.0	0.0	1.0												0.0
chr5	1294944	T	C	0.0	1.0	0.0	1.0												0.0
chr5	1294944	T	G	0.0	1.0	0.0	1.0												0.0
chr5	1294945	C	A	0.0	1.0	0.0	1.0												0.0
chr5	1294945	C	G	0.0	1.0	0.0	1.0												0.0
chr5	1294945	C	T	0.0	1.0	0.0	1.0												0.0
chr5	1294946	C	A	0.0	1.0	0.0	1.0												0.0
chr5	1294946	C	G	0.0	1.0	0.0	1.0												0.0
chr5	1294946	C	T	0.0	1.0	0.0	1.0												0.0
chr5	1294947	C	A	0.0	1.0	0.0	1.0												0.0
chr5	1294947	C	G	0.0	1.0	0.0	1.0												0.0
chr5	1294947	C	T	0.0	1.0	0.0	1.0	0.0	0.0	missense_variant	1.0	9.089256498818396e-06	0.0	0.0	SNV				0.0
chr5	1294948	C	A	0.0	1.0	0.0	1.0												0.0
chr5	1294948	C	G	0.0	1.0	0.0	1.0												0.0
chr5	1294948	C	T	0.0	1.0	0.0	1.0												0.0
chr5	1294949	T	A	0.0	1.0	0.0	1.0												0.0
chr5	1294949	T	C	0.0	1.0	0.0	1.0												0.0
chr5	1294949	T	G	0.0	1.0	0.0	1.0	0.0	0.0	missense_variant	1.0	9.089256498818396e-06	0.0	0.0	SNV				0.0
chr5	1294950	C	A	0.0	1.0	0.0	1.0												0.0
chr5	1294950	C	G	0.0	1.0	0.0	1.0												0.0
chr5	1294950	C	T	0.0	1.0	0.0	1.0												0.0
chr5	1294951	C	A	0.0	1.0	0.0	1.0	1.0	0.0001229105211406		0.0	0.0	0.0	0.0	SNV				0.0
chr5	1294951	C	G	0.0	1.0	0.0	1.0												0.0
chr5	1294951	C	T	0.0	1.0	0.0	1.0												0.0
chr5	1294952	T	A	0.0	1.0	0.0	1.0												0.0
chr5	1294952	T	C	0.0	1.0	0.0	1.0												0.0
chr5	1294952	T	G	0.0	1.0	0.0	1.0												0.0
chr5	1294953	C	A	0.0	1.0	0.0	1.0												0.0
chr5	1294953	C	G	0.0	1.0	0.0	1.0												0.0
chr5	1294953	C	T	0.0	1.0	0.0	1.0												0.0
chr5	1294954	C	A	0.0	1.0	0.0	1.0												0.0
chr5	1294954	C	G	0.0	1.0	0.0	1.0												0.0
chr5	1294954	C	T	0.0	1.0	0.0	1.0												0.0
chr5	1294955	C	A	0.0	1.0	0.0	1.0												0.0
chr5	1294955	C	G	0.0	1.0	0.0	1.0	0.0	0.0	missense_variant	1.0	9.089256498818396e-06	0.0	0.0	SNV				0.0
chr5	1294955	C	T	0.0	1.0	0.0	1.0												0.0
chr5	1294956	T	A	0.0	1.0	0.0	1.0												0.0
chr5	1294956	T	C	0.0	1.0	0.0	1.0												0.0
chr5	1294956	T	G	0.0	1.0	0.0	1.0												0.0
chr5	1294957	C	A	0.0	1.0	0.0	1.0												0.0
chr5	1294957	C	G	0.0	1.0	0.0	1.0	0.0	0.0	synonymous_variant	1.0	9.089256498818396e-06	0.0	0.0	SNV				0.0
chr5	1294957	C	T	0.0	1.0	0.0	1.0												0.0
chr5	1294958	C	A	0.0	1.0	0.0	1.0												0.0
chr5	1294958	C	G	0.0	1.0	0.0	1.0												0.0
chr5	1294958	C	T	0.0	1.0	0.0	1.0	1.0	0.0001229105211406	missense_variant	1.0	9.089256498818396e-06	0.0	0.0	SNV				0.0
chr5	1294959	C	A	0.0	1.0	0.0	1.0												0.0
chr5	1294959	C	G	0.0	1.0	0.0	1.0												0.0
chr5	1294959	C	T	0.0	1.0	0.0	1.0												0.0
chr5	1294960	C	A	0.0	1.0	0.0	1.0												0.0
chr5	1294960	C	G	0.0	1.0	0.0	1.0												0.0
chr5	1294960	C	T	0.0	1.0	0.0	1.0	0.0	0.0	synonymous_variant	1.0	9.089256498818396e-06	0.0	0.0	SNV				0.0
chr5	1294961	T	A	0.0	1.0	0.0	1.0												0.0
chr5	1294961	T	C	0.0	1.0	0.0	1.0												0.0
chr5	1294961	T	G	0.0	1.0	0.0	1.0												0.0
chr5	1294962	C	A	0.0	1.0	0.0	1.0												0.0
chr5	1294962	C	G	0.0	1.0	0.0	1.0												0.0
chr5	1294962	C	T	0.0	1.0	0.0	1.0												0.0
chr5	1294963	C	A	0.0	1.0	0.0	1.0												0.0
chr5	1294963	C	G	0.0	1.0	0.0	1.0												0.0
chr5	1294963	C	T	0.0	1.0	0.0	1.0	0.0	0.0	synonymous_variant	1.0	9.089256498818396e-06	0.0	0.0	SNV				0.0
chr5	1294964	C	A	29.5611981892524	0.0332623546327216	1.0	1.0												0.0
chr5	1294964	C	G	0.0	1.0	0.0	1.0												0.0
chr5	1294964	C	T	0.0	1.0	0.0	1.0												0.0
chr5	1294965	C	A	0.0	1.0	0.0	1.0												0.0
chr5	1294965	C	G	0.0	1.0	0.0	1.0												0.0
chr5	1294965	C	T	0.0	1.0	0.0	1.0	0.0	0.0	missense_variant	1.0	9.089256498818396e-06	0.0	0.0	SNV				0.0
chr5	1294966	T	A	0.0	1.0	0.0	1.0												0.0
chr5	1294966	T	C	0.0	1.0	0.0	1.0												0.0
chr5	1294966	T	G	0.0	1.0	0.0	1.0												0.0
chr5	1294967	C	A	0.0	1.0	0.0	1.0												0.0
chr5	1294967	C	G	0.0	1.0	0.0	1.0												0.0
chr5	1294967	C	T	0.0	1.0	0.0	1.0	0.0	0.0	missense_variant	1.0	9.089256498818396e-06	0.0	0.0	SNV				0.0
chr5	1294968	C	A	0.0	1.0	0.0	1.0												0.0
chr5	1294968	C	G	0.0	1.0	0.0	1.0												0.0
chr5	1294968	C	T	0.0	1.0	0.0	1.0												0.0
chr5	1294969	C	A	0.0	1.0	0.0	1.0												0.0
chr5	1294969	C	G	0.0	1.0	0.0	1.0												0.0
chr5	1294969	C	T	0.0	1.0	0.0	1.0	0.0	0.0	synonymous_variant	1.0	9.089256498818396e-06	0.0	0.0	SNV				0.0
chr5	1294970	C	A	0.0	1.0	0.0	1.0												0.0
chr5	1294970	C	G	0.0	1.0	0.0	1.0												0.0
chr5	1294970	C	T	0.0	1.0	0.0	1.0	0.0	0.0	missense_variant	1.0	9.089256498818396e-06	0.0	0.0	SNV				0.0
chr5	1294971	T	A	0.0	1.0	0.0	1.0												0.0
chr5	1294971	T	C	0.0	1.0	0.0	1.0	0.0	0.0	missense_variant	1.0	9.089256498818396e-06	0.0	0.0	SNV				0.0
chr5	1294971	T	G	0.0	1.0	0.0	1.0												0.0
chr5	1294972	C	A	0.0	1.0	0.0	1.0												0.0
chr5	1294972	C	G	0.0	1.0	0.0	1.0												0.0
chr5	1294972	C	T	0.0	1.0	0.0	1.0												0.0
chr5	1294973	C	A	0.0	1.0	0.0	1.0												0.0
chr5	1294973	C	G	0.0	1.0	0.0	1.0												0.0
chr5	1294973	C	T	6.979008023967178	0.1334945144320084	1.0	1.0												0.0
chr5	1294974	C	A	0.0	1.0	0.0	1.0												0.0
chr5	1294974	C	G	0.0	1.0	0.0	1.0												0.0
chr5	1294974	C	T	0.0	1.0	0.0	1.0	1.0	0.0001229105211406		0.0	0.0	0.0	0.0	SNV				0.0
chr5	1294975	C	A	0.0	1.0	0.0	1.0												0.0
chr5	1294975	C	G	0.0	1.0	0.0	1.0												0.0
chr5	1294975	C	T	0.0	1.0	0.0	1.0	0.0	0.0	synonymous_variant	1.0	9.089256498818396e-06	0.0	0.0	SNV				0.0
chr5	1294976	C	A	0.0	1.0	0.0	1.0												0.0
chr5	1294976	C	G	0.0	1.0	0.0	1.0												0.0
chr5	1294976	C	T	18.3684734071748	0.0529857189223794	1.0	1.0												0.0
chr5	1294977	C	A	0.0	1.0	0.0	1.0												0.0
chr5	1294977	C	G	0.0	1.0	0.0	1.0												0.0
chr5	1294977	C	T	0.0	1.0	0.0	1.0	0.0	0.0	missense_variant	2.0	1.81785129976368e-05	1.0	0.0002558199027884	SNV				0.0
chr5	1294978	T	A	0.0	1.0	0.0	1.0												0.0
chr5	1294978	T	C	0.0	1.0	0.0	1.0												0.0
chr5	1294978	T	G	0.0	1.0	0.0	1.0												0.0
chr5	1294979	C	A	0.0	1.0	0.0	1.0												0.0
chr5	1294979	C	G	0.0	1.0	0.0	1.0												0.0
chr5	1294979	C	T	0.0	1.0	0.0	1.0												0.0
chr5	1294980	C	A	0.0	1.0	0.0	1.0												0.0
chr5	1294980	C	G	0.0	1.0	0.0	1.0												0.0
chr5	1294980	C	T	0.0	1.0	0.0	1.0												0.0
chr5	1294981	C	A	0.0	1.0	0.0	1.0												0.0
chr5	1294981	C	G	0.0	1.0	0.0	1.0												0.0
chr5	1294981	C	T	0.0	1.0	0.0	1.0												0.0
chr5	1294982	C	A	0.0	1.0	0.0	1.0												0.0
chr5	1294982	C	G	0.0	1.0	0.0	1.0												0.0
chr5	1294982	C	T	0.0	1.0	0.0	1.0	1.0	0.0001229105211406		0.0	0.0	0.0	0.0	SNV				0.0
chr5	1294983	C	A	0.0	1.0	0.0	1.0												0.0
chr5	1294983	C	G	0.0	1.0	0.0	1.0												0.0
chr5	1294983	C	T	0.0	1.0	0.0	1.0	0.0	0.0	missense_variant	4.0	3.635702599527359e-05	0.0	0.0	SNV				0.0
chr5	1294984	C	A	0.0	1.0	0.0	1.0												0.0
chr5	1294984	C	G	0.0	1.0	0.0	1.0												0.0
chr5	1294984	C	T	0.0	1.0	0.0	1.0	0.0	0.0	synonymous_variant	1.0	9.089256498818396e-06	0.0	0.0	SNV				0.0
chr5	1294985	C	A	0.0	1.0	0.0	1.0												0.0
chr5	1294985	C	G	0.0	1.0	0.0	1.0												0.0
chr5	1294985	C	T	0.0	1.0	0.0	1.0												0.0
chr5	1294986	C	A	0.0	1.0	0.0	1.0												0.0
chr5	1294986	C	G	0.0	1.0	0.0	1.0												0.0
chr5	1294986	C	T	0.0	1.0	0.0	1.0	0.0	0.0	missense_variant	2.0	1.81785129976368e-05	0.0	0.0	SNV				0.0
chr5	1294987	C	A	0.0	1.0	0.0	1.0												0.0
chr5	1294987	C	G	0.0	1.0	0.0	1.0												0.0
chr5	1294987	C	T	0.0	1.0	0.0	1.0												0.0
chr5	1294988	T	A	0.0	1.0	0.0	1.0												0.0
chr5	1294988	T	C	0.0	1.0	0.0	1.0												0.0
chr5	1294988	T	G	0.0	1.0	0.0	1.0												0.0
chr5	1294989	T	A	0.0	1.0	0.0	1.0									-0.15	0.14133	TERT-GBM	1.0
chr5	1294989	T	C	0.0	1.0	0.0	1.0									0.09	0.06709	TERT-GBM	1.0
chr5	1294989	T	G	0.0	1.0	0.0	1.0									-0.17	0.14236	TERT-GBM	1.0
chr5	1294990	C	A	0.0	1.0	0.0	1.0									-0.2	0.02412	TERT-GBM	1.0
chr5	1294990	C	G	0.0	1.0	0.0	1.0									-0.9	0.05295	TERT-GBM	1.0
chr5	1294990	C	T	7.976016635464078	0.026645548817085	2.0	1.0	0.0	0.0	5_prime_UTR_variant	1.0	9.089256498818396e-06	1.0	0.0002558199027884	SNV	-0.01	0.66586	TERT-GBM	1.0
chr5	1294991	C	A	0.0	1.0	0.0	1.0									0.03	0.40476	TERT-GBM	1.0
chr5	1294991	C	G	0.0	1.0	0.0	1.0									0.01	0.78176	TERT-GBM	1.0
chr5	1294991	C	T	0.0	1.0	0.0	1.0	2.0	0.0002458210422812	5_prime_UTR_variant	1.0	9.089256498818396e-06	0.0	0.0	SNV	-0.01	0.72148	TERT-GBM	1.0
chr5	1294992	C	A	0.0	1.0	0.0	1.0									-0.25	0.0023	TERT-GBM	1.0
chr5	1294992	C	G	0.0	1.0	0.0	1.0									0.03	0.78549	TERT-GBM	1.0
chr5	1294992	C	T	0.0	1.0	0.0	1.0									0.03	0.09658	TERT-GBM	1.0
chr5	1294993	C	A	22.641149087287488	0.0432061941293386	1.0	1.0									-0.06	0.01937	TERT-GBM	1.0
chr5	1294993	C	G	0.0	1.0	0.0	1.0									0.05	0.4311	TERT-GBM	1.0
chr5	1294993	C	T	0.0	1.0	0.0	1.0	0.0	0.0	5_prime_UTR_variant	2.0	1.81785129976368e-05	0.0	0.0	SNV	-0.12	0.00299	TERT-GBM	1.0
chr5	1294994	C	A	0.0	1.0	0.0	1.0									0.01	0.69651	TERT-GBM	1.0
chr5	1294994	C	G	0.0	1.0	0.0	1.0									-0.05	0.3766	TERT-GBM	1.0
chr5	1294994	C	T	0.0	1.0	0.0	1.0	0.0	0.0	5_prime_UTR_variant	2.0	1.81785129976368e-05	0.0	0.0	SNV	0.01	0.79244	TERT-GBM	1.0
chr5	1294995	C	A	0.0	1.0	0.0	1.0									-0.07	0.01022	TERT-GBM	1.0
chr5	1294995	C	G	0.0	1.0	0.0	1.0									-0.13	0.00888	TERT-GBM	1.0
chr5	1294995	C	T	0.0	1.0	0.0	1.0									-0.15	1e-05	TERT-GBM	1.0
chr5	1294996	C	A	0.0	1.0	0.0	1.0									-0.12	1e-05	TERT-GBM	1.0
chr5	1294996	C	G	0.0	1.0	0.0	1.0									0.03	0.49858	TERT-GBM	1.0
chr5	1294996	C	T	0.0	1.0	0.0	1.0	0.0	0.0	5_prime_UTR_variant	1.0	9.089256498818396e-06	0.0	0.0	SNV	-0.16	0.0	TERT-GBM	1.0
chr5	1294997	C	A	0.0	1.0	0.0	1.0									-0.14	0.03787	TERT-GBM	1.0
chr5	1294997	C	G	0.0	1.0	0.0	1.0									-0.16	0.0084	TERT-GBM	1.0
chr5	1294997	C	T	0.0	1.0	0.0	1.0									-0.11	0.00013	TERT-GBM	1.0
chr5	1294998	T	A	95.12802792935896	0.0104570894237767	1.0	1.0									-0.17	0.09525	TERT-GBM	1.0
chr5	1294998	T	C	0.0	1.0	0.0	1.0	0.0	0.0	5_prime_UTR_variant	1.0	9.089256498818396e-06	0.0	0.0	SNV	-0.21	0.01625	TERT-GBM	1.0
chr5	1294998	T	G	0.0	1.0	0.0	1.0									-0.07	0.58025	TERT-GBM	1.0
chr5	1294999	C	A	0.0	1.0	0.0	1.0									0.05	0.66903	TERT-GBM	1.0
chr5	1294999	C	G	0.0	1.0	0.0	1.0									-0.27	0.02366	TERT-GBM	1.0
chr5	1294999	C	T	0.0	1.0	0.0	1.0	0.0	0.0	5_prime_UTR_variant	2.0	1.81785129976368e-05	0.0	0.0	SNV	0.12	0.18272	TERT-GBM	1.0
chr5	1295000	C	A	0.0	1.0	0.0	1.0									0.05	0.49503	TERT-GBM	1.0
chr5	1295000	C	G	0.0	1.0	0.0	1.0									-0.09	0.06928	TERT-GBM	1.0
chr5	1295000	C	T	30.3199148534067	0.0324436597567887	1.0	1.0	0.0	0.0	5_prime_UTR_variant	1.0	9.089256498818396e-06	0.0	0.0	SNV	-0.03	0.44093	TERT-GBM	1.0
chr5	1295001	C	A	0.0	1.0	0.0	1.0									0.12	0.38799	TERT-GBM	1.0
chr5	1295001	C	G	0.0	1.0	0.0	1.0									-0.04	0.81924	TERT-GBM	1.0
chr5	1295001	C	T	0.0	1.0	0.0	1.0	0.0	0.0	5_prime_UTR_variant	2.0	1.81785129976368e-05	0.0	0.0	SNV	0.2	0.0	TERT-GBM	1.0
chr5	1295002	C	A	0.0	1.0	0.0	1.0									0.14	0.03083	TERT-GBM	1.0
chr5	1295002	C	G	0.0	1.0	0.0	1.0									0.08	0.48999	TERT-GBM	1.0
chr5	1295002	C	T	0.0	1.0	0.0	1.0									0.07	0.07942	TERT-GBM	1.0
chr5	1295003	C	A	0.0	1.0	0.0	1.0									0.12	0.00401	TERT-GBM	1.0
chr5	1295003	C	G	0.0	1.0	0.0	1.0									-0.04	0.2465	TERT-GBM	1.0
chr5	1295003	C	T	0.0	1.0	0.0	1.0	0.0	0.0	5_prime_UTR_variant	1.0	9.089256498818396e-06	0.0	0.0	SNV	-0.07	0.05447	TERT-GBM	1.0
chr5	1295004	C	A	0.0	1.0	0.0	1.0									0.0	0.95073	TERT-GBM	1.0
chr5	1295004	C	G	0.0	1.0	0.0	1.0									-0.09	0.4074	TERT-GBM	1.0
chr5	1295004	C	T	0.0	1.0	0.0	1.0									-0.19	0.0	TERT-GBM	1.0
chr5	1295005	C	A	0.0	1.0	0.0	1.0									-0.27	1e-05	TERT-GBM	1.0
chr5	1295005	C	G	0.0	1.0	0.0	1.0									-0.13	0.20598	TERT-GBM	1.0
chr5	1295005	C	T	0.0	1.0	0.0	1.0									-0.04	0.45307	TERT-GBM	1.0
chr5	1295006	C	A	0.0	1.0	0.0	1.0									-0.14	0.17992	TERT-GBM	1.0
chr5	1295006	C	G	0.0	1.0	0.0	1.0									0.17	0.03801	TERT-GBM	1.0
chr5	1295006	C	T	0.0	1.0	0.0	1.0									-0.03	0.42722	TERT-GBM	1.0
chr5	1295007	C	A	0.0	1.0	0.0	1.0									0.11	0.45297	TERT-GBM	1.0
chr5	1295007	C	G	0.0	1.0	0.0	1.0									-0.32	0.01727	TERT-GBM	1.0
chr5	1295007	C	T	33.47022718407248	0.0294353849383433	1.0	1.0									0.02	0.64635	TERT-GBM	1.0
chr5	1295008	C	A	0.0	1.0	0.0	1.0									-0.02	0.8654	TERT-GBM	1.0
chr5	1295008	C	G	0.0	1.0	0.0	1.0									-0.25	0.27249	TERT-GBM	1.0
chr5	1295008	C	T	0.0	1.0	0.0	1.0									-0.06	0.24588	TERT-GBM	1.0
chr5	1295009	T	A	0.0	1.0	0.0	1.0									0.47	0.0	TERT-GBM	1.0
chr5	1295009	T	C	0.0	1.0	0.0	1.0									0.02	0.81119	TERT-GBM	1.0
chr5	1295009	T	G	0.0	1.0	0.0	1.0									0.15	0.1986	TERT-GBM	1.0
chr5	1295010	C	A	0.0	1.0	0.0	1.0									-0.09	0.07907	TERT-GBM	1.0
chr5	1295010	C	G	0.0	1.0	0.0	1.0									-0.19	0.08528	TERT-GBM	1.0
chr5	1295010	C	T	0.0	1.0	0.0	1.0									-0.13	0.01694	TERT-GBM	1.0
chr5	1295011	C	A	0.0	1.0	0.0	1.0									-0.4	0.00149	TERT-GBM	1.0
chr5	1295011	C	G	0.0	1.0	0.0	1.0									-0.19	0.03904	TERT-GBM	1.0
chr5	1295011	C	T	0.0	1.0	0.0	1.0	0.0	0.0	5_prime_UTR_variant	1.0	9.089256498818396e-06	0.0	0.0	SNV	-0.05	0.40525	TERT-GBM	1.0
chr5	1295012	C	A	0.0	1.0	0.0	1.0									-0.01	0.86515	TERT-GBM	1.0
chr5	1295012	C	G	0.0	1.0	0.0	1.0									0.16	3e-05	TERT-GBM	1.0
chr5	1295012	C	T	0.0	1.0	0.0	1.0	0.0	0.0	5_prime_UTR_variant	1.0	9.089256498818396e-06	0.0	0.0	SNV	-0.01	0.74212	TERT-GBM	1.0
chr5	1295013	C	A	0.0	1.0	0.0	1.0									-0.06	0.76212	TERT-GBM	1.0
chr5	1295013	C	G	0.0	1.0	0.0	1.0									-0.1	0.38701	TERT-GBM	1.0
chr5	1295013	C	T	0.0	1.0	0.0	1.0									-0.06	0.12138	TERT-GBM	1.0
chr5	1295014	T	A	0.0	1.0	0.0	1.0									0.07	0.01187	TERT-GBM	1.0
chr5	1295014	T	C	0.0	1.0	0.0	1.0									0.26	0.0	TERT-GBM	1.0
chr5	1295014	T	G	0.0	1.0	0.0	1.0									0.12	0.00493	TERT-GBM	1.0
chr5	1295015	T	A	0.0	1.0	0.0	1.0									-0.11	0.00087	TERT-GBM	1.0
chr5	1295015	T	C	0.0	1.0	0.0	1.0									0.03	0.09851	TERT-GBM	1.0
chr5	1295015	T	G	0.0	1.0	0.0	1.0									0.04	0.42098	TERT-GBM	1.0
chr5	1295016	C	A	0.0	1.0	0.0	1.0									0.01	0.88362	TERT-GBM	1.0
chr5	1295016	C	G	0.0	1.0	0.0	1.0	0.0	0.0	5_prime_UTR_variant	1.0	9.089256498818396e-06	0.0	0.0	SNV	0.55	0.00329	TERT-GBM	1.0
chr5	1295016	C	T	0.0	1.0	0.0	1.0									0.07	0.12578	TERT-GBM	1.0
chr5	1295017	C	A	0.0	1.0	0.0	1.0	1.0	0.0001229105211406		0.0	0.0	0.0	0.0	SNV	0.01	0.84349	TERT-GBM	1.0
chr5	1295017	C	G	0.0	1.0	0.0	1.0									0.09	0.26937	TERT-GBM	1.0
chr5	1295017	C	T	0.0	1.0	0.0	1.0	0.0	0.0	5_prime_UTR_variant	1.0	9.089256498818396e-06	0.0	0.0	SNV	0.1	0.00353	TERT-GBM	1.0
chr5	1295018	C	A	0.0	1.0	0.0	1.0									0.12	0.2086	TERT-GBM	1.0
chr5	1295018	C	G	0.0	1.0	0.0	1.0									0.13	0.4656	TERT-GBM	1.0
chr5	1295018	C	T	11.171298050732812	0.0856255533180468	1.0	1.0	3.0	0.0003687315634218	5_prime_UTR_variant	4.0	3.635702599527359e-05	1.0	0.0002558199027884	SNV	0.37	0.0	TERT-GBM	1.0
chr5	1295019	T	A	0.0	1.0	0.0	1.0									-0.24	0.0	TERT-GBM	1.0
chr5	1295019	T	C	0.0	1.0	0.0	1.0	0.0	0.0	5_prime_UTR_variant	1.0	9.089256498818396e-06	0.0	0.0	SNV	0.38	0.0	TERT-GBM	1.0
chr5	1295019	T	G	0.0	1.0	0.0	1.0	0.0	0.0	5_prime_UTR_variant	1.0	9.089256498818396e-06	0.0	0.0	SNV	-0.05	0.31904	TERT-GBM	1.0
chr5	1295020	C	A	0.0	1.0	0.0	1.0	0.0	0.0	5_prime_UTR_variant	1.0	9.089256498818396e-06	0.0	0.0	SNV	-0.22	0.02737	TERT-GBM	1.0
chr5	1295020	C	G	0.0	1.0	0.0	1.0	0.0	0.0	5_prime_UTR_variant	1.0	9.089256498818396e-06	0.0	0.0	SNV	-0.14	0.0392	TERT-GBM	1.0
chr5	1295020	C	T	0.0	1.0	0.0	1.0									0.05	0.03081	TERT-GBM	1.0
chr5	1295021	C	A	0.0	1.0	0.0	1.0									0.23	0.00631	TERT-GBM	1.0
chr5	1295021	C	G	0.0	1.0	0.0	1.0	0.0	0.0	5_prime_UTR_variant	1.0	9.089256498818396e-06	0.0	0.0	SNV	-0.57	0.0	TERT-GBM	1.0
chr5	1295021	C	T	0.0	1.0	0.0	1.0	0.0	0.0	5_prime_UTR_variant	1.0	9.089256498818396e-06	0.0	0.0	SNV	0.35	0.0	TERT-GBM	1.0
chr5	1295022	T	A	0.0	1.0	0.0	1.0									0.21	3e-05	TERT-GBM	1.0
chr5	1295022	T	C	0.0	1.0	0.0	1.0									0.08	0.00216	TERT-GBM	1.0
chr5	1295022	T	G	0.0	1.0	0.0	1.0									-0.04	0.51934	TERT-GBM	1.0
chr5	1295023	C	A	0.0	1.0	0.0	1.0									-0.07	0.48068	TERT-GBM	1.0
chr5	1295023	C	G	0.0	1.0	0.0	1.0									-0.01	0.85948	TERT-GBM	1.0
chr5	1295023	C	T	0.0	1.0	0.0	1.0	0.0	0.0	5_prime_UTR_variant	1.0	9.089256498818396e-06	0.0	0.0	SNV	0.29	0.0	TERT-GBM	1.0
chr5	1295024	C	A	0.0	1.0	0.0	1.0	0.0	0.0	5_prime_UTR_variant	1.0	9.089256498818396e-06	0.0	0.0	SNV	0.36	0.00014	TERT-GBM	1.0
chr5	1295024	C	G	0.0	1.0	0.0	1.0									0.33	1e-05	TERT-GBM	1.0
chr5	1295024	C	T	0.0	1.0	0.0	1.0									0.13	0.0	TERT-GBM	1.0
chr5	1295025	C	A	0.0	1.0	0.0	1.0									0.05	0.23018	TERT-GBM	1.0
chr5	1295025	C	G	0.0	1.0	0.0	1.0									-0.18	5e-05	TERT-GBM	1.0
chr5	1295025	C	T	0.0	1.0	0.0	1.0	0.0	0.0	5_prime_UTR_variant	1.0	9.089256498818396e-06	1.0	0.0002558199027884	SNV	0.02	0.2942	TERT-GBM	1.0
chr5	1295026	C	A	0.0	1.0	0.0	1.0									0.15	0.10673	TERT-GBM	1.0
chr5	1295026	C	G	0.0	1.0	0.0	1.0									-0.02	0.81665	TERT-GBM	1.0
chr5	1295026	C	T	0.0	1.0	0.0	1.0									0.05	0.10135	TERT-GBM	1.0
chr5	1295027	T	A	0.0	1.0	0.0	1.0									-0.12	8e-05	TERT-GBM	1.0
chr5	1295027	T	C	0.0	1.0	0.0	1.0									0.09	0.00106	TERT-GBM	1.0
chr5	1295027	T	G	0.0	1.0	0.0	1.0									0.04	0.67133	TERT-GBM	1.0
chr5	1295028	C	A	0.0	1.0	0.0	1.0									-0.3	1e-05	TERT-GBM	1.0
chr5	1295028	C	G	0.0	1.0	0.0	1.0									-0.14	0.0136	TERT-GBM	1.0
chr5	1295028	C	T	0.0	1.0	0.0	1.0	1.0	0.0001229105211406		0.0	0.0	0.0	0.0	SNV	0.02	0.59127	TERT-GBM	1.0
chr5	1295029	C	A	0.0	1.0	0.0	1.0									0.1	0.50176	TERT-GBM	1.0
chr5	1295029	C	G	0.0	1.0	0.0	1.0	0.0	0.0	5_prime_UTR_variant	1.0	9.089256498818396e-06	0.0	0.0	SNV	-0.08	0.33928	TERT-GBM	1.0
chr5	1295029	C	T	0.0	1.0	0.0	1.0									0.12	0.0001	TERT-GBM	1.0
chr5	1295030	T	A	0.0	1.0	0.0	1.0									-0.01	0.86	TERT-GBM	1.0
chr5	1295030	T	C	0.0	1.0	0.0	1.0									0.06	0.0205	TERT-GBM	1.0
chr5	1295030	T	G	0.0	1.0	0.0	1.0									0.5	0.0	TERT-GBM	1.0
chr5	1295031	C	A	0.0	1.0	0.0	1.0									0.18	2e-05	TERT-GBM	1.0
chr5	1295031	C	G	0.0	1.0	0.0	1.0									-0.82	0.0	TERT-GBM	1.0
chr5	1295031	C	T	0.0	1.0	0.0	1.0	0.0	0.0	5_prime_UTR_variant	1.0	9.089256498818396e-06	0.0	0.0	SNV	0.01	0.81391	TERT-GBM	1.0
chr5	1295032	C	A	0.0	1.0	0.0	1.0									0.03	0.72422	TERT-GBM	1.0
chr5	1295032	C	G	0.0	1.0	0.0	1.0	3.0	0.0003687315634218	5_prime_UTR_variant	7.0	6.362479549172878e-05	0.0	0.0	SNV	0.56	0.0	TERT-GBM	1.0
chr5	1295032	C	T	0.0	1.0	0.0	1.0									0.11	0.02158	TERT-GBM	1.0
chr5	1295033	T	A	0.0	1.0	0.0	1.0									-0.36	0.0	TERT-GBM	1.0
chr5	1295033	T	C	0.0	1.0	0.0	1.0									-0.18	0.0	TERT-GBM	1.0
chr5	1295033	T	G	0.0	1.0	0.0	1.0									0.56	0.0	TERT-GBM	1.0
chr5	1295034	C	A	52.67725418991164	2.949983790756505e-05	3.0	1.0	4.0	0.0004916420845624	5_prime_UTR_variant	3.0	2.726776949645519e-05	0.0	0.0	SNV	1.03	0.0	TERT-GBM	1.0
chr5	1295034	C	G	0.0	1.0	0.0	1.0									-0.62	0.0	TERT-GBM	1.0
chr5	1295034	C	T	0.0	1.0	0.0	1.0									0.03	0.29626	TERT-GBM	1.0
chr5	1295035	C	A	0.0	1.0	0.0	1.0									-0.11	0.03951	TERT-GBM	1.0
chr5	1295035	C	G	0.0	1.0	0.0	1.0									-0.03	0.50184	TERT-GBM	1.0
chr5	1295035	C	T	0.0	1.0	0.0	1.0									0.15	0.0	TERT-GBM	1.0
chr5	1295036	C	A	0.0	1.0	0.0	1.0	1.0	0.0001229105211406		0.0	0.0	0.0	0.0	SNV	-0.61	1e-05	TERT-GBM	1.0
chr5	1295036	C	G	0.0	1.0	0.0	1.0									-0.2	0.15644	TERT-GBM	1.0
chr5	1295036	C	T	0.0	1.0	0.0	1.0									0.08	0.02153	TERT-GBM	1.0
chr5	1295037	T	A	0.0	1.0	0.0	1.0									-0.01	0.707	TERT-GBM	1.0
chr5	1295037	T	C	0.0	1.0	0.0	1.0	0.0	0.0	5_prime_UTR_variant	1.0	9.089256498818396e-06	1.0	0.0002558199027884	SNV	0.2	0.0	TERT-GBM	1.0
chr5	1295037	T	G	0.0	1.0	0.0	1.0									0.17	0.07032	TERT-GBM	1.0
chr5	1295038	C	A	0.0	1.0	0.0	1.0									-0.17	0.01409	TERT-GBM	1.0
chr5	1295038	C	G	0.0	1.0	0.0	1.0									-0.18	0.04348	TERT-GBM	1.0
chr5	1295038	C	T	0.0	1.0	0.0	1.0									0.01	0.73077	TERT-GBM	1.0
chr5	1295039	C	A	46.02361210374295	0.0214936252225276	1.0	1.0									0.12	0.05237	TERT-GBM	1.0
chr5	1295039	C	G	0.0	1.0	0.0	1.0									0.07	0.22988	TERT-GBM	1.0
chr5	1295039	C	T	0.0	1.0	0.0	1.0									0.21	0.0	TERT-GBM	1.0
chr5	1295040	C	A	0.0	1.0	0.0	1.0									0.21	0.00067	TERT-GBM	1.0
chr5	1295040	C	G	0.0	1.0	0.0	1.0									0.05	0.36767	TERT-GBM	1.0
chr5	1295040	C	T	0.0	1.0	0.0	1.0									0.07	0.00959	TERT-GBM	1.0
chr5	1295041	C	A	0.0	1.0	0.0	1.0	0.0	0.0	5_prime_UTR_variant	1.0	9.089256498818396e-06	0.0	0.0	SNV	-0.18	0.0343	TERT-GBM	1.0
chr5	1295041	C	G	0.0	1.0	0.0	1.0									-0.15	0.31151	TERT-GBM	1.0
chr5	1295041	C	T	0.0	1.0	0.0	1.0	0.0	0.0	5_prime_UTR_variant	1.0	9.089256498818396e-06	0.0	0.0	SNV	0.07	0.04592	TERT-GBM	1.0
chr5	1295042	T	A	0.0	1.0	0.0	1.0									-0.08	0.03882	TERT-GBM	1.0
chr5	1295042	T	C	0.0	1.0	0.0	1.0									0.01	0.65981	TERT-GBM	1.0
chr5	1295042	T	G	0.0	1.0	0.0	1.0									0.22	0.00915	TERT-GBM	1.0
chr5	1295043	C	A	179.17759801569036	1.0165776220816271e-08	4.0	1.0	3.0	0.0003687315634218	5_prime_UTR_variant	4.0	3.635702599527359e-05	2.0	0.0005116398055768	SNV	1.65	0.0	TERT-GBM	1.0
chr5	1295043	C	G	0.0	1.0	0.0	1.0									-0.05	0.24962	TERT-GBM	1.0
chr5	1295043	C	T	0.0	1.0	0.0	1.0									-0.78	0.0	TERT-GBM	1.0
chr5	1295044	C	A	0.0	1.0	0.0	1.0									-0.1	0.16416	TERT-GBM	1.0
chr5	1295044	C	G	0.0	1.0	0.0	1.0									-0.01	0.94283	TERT-GBM	1.0
chr5	1295044	C	T	0.0	1.0	0.0	1.0									-0.41	0.0	TERT-GBM	1.0
chr5	1295045	C	A	0.0	1.0	0.0	1.0									0.0	0.94692	TERT-GBM	1.0
chr5	1295045	C	G	0.0	1.0	0.0	1.0									0.25	0.03882	TERT-GBM	1.0
chr5	1295045	C	T	0.0	1.0	0.0	1.0	0.0	0.0	5_prime_UTR_variant	1.0	9.089256498818396e-06	0.0	0.0	SNV	-0.84	0.0	TERT-GBM	1.0
chr5	1295046	T	A	0.0	1.0	0.0	1.0									0.28	0.0	TERT-GBM	1.0
chr5	1295046	T	C	0.0	1.0	0.0	1.0									-0.1	2e-05	TERT-GBM	1.0
chr5	1295046	T	G	766.2750925335528	0.0	8.0	1.0	16.0	0.0019665683382497	5_prime_UTR_variant	23.0	0.0002090528994728	3.0	0.0007674597083653	SNV	1.14	0.0	TERT-GBM	1.0
chr5	1295047	C	A	0.0	1.0	0.0	1.0									0.35	0.00093	TERT-GBM	1.0
chr5	1295047	C	G	0.0	1.0	0.0	1.0	0.0	0.0	5_prime_UTR_variant	1.0	9.089256498818396e-06	1.0	0.0002558199027884	SNV	0.16	0.36854	TERT-GBM	1.0
chr5	1295047	C	T	0.0	1.0	0.0	1.0									0.01	0.84518	TERT-GBM	1.0
chr5	1295048	T	A	0.0	1.0	0.0	1.0									0.46	0.0	TERT-GBM	1.0
chr5	1295048	T	C	0.0	1.0	0.0	1.0									0.38	0.0	TERT-GBM	1.0
chr5	1295048	T	G	0.0	1.0	0.0	1.0									0.59	0.0	TERT-GBM	1.0
chr5	1295049	T	A	0.0	1.0	0.0	1.0									0.53	0.0	TERT-GBM	1.0
chr5	1295049	T	C	0.0	1.0	0.0	1.0									0.45	0.0	TERT-GBM	1.0
chr5	1295049	T	G	0.0	1.0	0.0	1.0									0.55	0.00454	TERT-GBM	1.0
chr5	1295050	T	A	0.0	1.0	0.0	1.0									-0.12	0.01515	TERT-GBM	1.0
chr5	1295050	T	C	0.0	1.0	0.0	1.0									0.2	0.0	TERT-GBM	1.0
chr5	1295050	T	G	0.0	1.0	0.0	1.0									0.14	0.13161	TERT-GBM	1.0
chr5	1295051	C	A	0.0	1.0	0.0	1.0									-0.01	0.8908	TERT-GBM	1.0
chr5	1295051	C	G	0.0	1.0	0.0	1.0									0.21	0.00016	TERT-GBM	1.0
chr5	1295051	C	T	0.0	1.0	0.0	1.0									-0.26	0.0	TERT-GBM	1.0
chr5	1295052	T	A	0.0	1.0	0.0	1.0									0.45	0.0	TERT-GBM	1.0
chr5	1295052	T	C	0.0	1.0	0.0	1.0									0.26	0.0	TERT-GBM	1.0
chr5	1295052	T	G	0.0	1.0	0.0	1.0									0.39	1e-05	TERT-GBM	1.0
chr5	1295053	C	A	0.0	1.0	0.0	1.0									0.49	0.0	TERT-GBM	1.0
chr5	1295053	C	G	26.674366100444605	0.0367951564103733	1.0	1.0									0.34	0.00628	TERT-GBM	1.0
chr5	1295053	C	T	5.769455498957598	0.1591370404703337	1.0	1.0									0.56	0.0	TERT-GBM	1.0
chr5	1295054	C	A	0.0	1.0	0.0	1.0	0.0	0.0	upstream_gene_variant	1.0	9.089256498818396e-06	0.0	0.0	SNV	0.71	0.0	TERT-GBM	1.0
chr5	1295054	C	G	0.0	1.0	0.0	1.0									-0.68	0.0	TERT-GBM	1.0
chr5	1295054	C	T	0.0	1.0	0.0	1.0	2.0	0.0002458210422812	upstream_gene_variant	1.0	9.089256498818396e-06	1.0	0.0002558199027884	SNV	0.74	0.0	TERT-GBM	1.0
chr5	1295055	C	A	0.0	1.0	0.0	1.0	0.0	0.0	upstream_gene_variant	4.0	3.635702599527359e-05	2.0	0.0005116398055768	SNV	0.4	1e-05	TERT-GBM	1.0
chr5	1295055	C	G	0.0	1.0	0.0	1.0	0.0	0.0	upstream_gene_variant	1.0	9.089256498818396e-06	0.0	0.0	SNV	0.77	0.0	TERT-GBM	1.0
chr5	1295055	C	T	0.0	1.0	0.0	1.0	0.0	0.0	upstream_gene_variant	1.0	9.089256498818396e-06	0.0	0.0	SNV	0.88	0.0	TERT-GBM	1.0
chr5	1295056	C	A	0.0	1.0	0.0	1.0									0.56	0.0	TERT-GBM	1.0
chr5	1295056	C	G	0.0	1.0	0.0	1.0									0.43	0.0	TERT-GBM	1.0
chr5	1295056	C	T	0.0	1.0	0.0	1.0	0.0	0.0	upstream_gene_variant	1.0	9.089256498818396e-06	1.0	0.0002558199027884	SNV	0.41	0.0	TERT-GBM	1.0
chr5	1295057	C	A	0.0	1.0	0.0	1.0	2.0	0.0002458210422812		0.0	0.0	0.0	0.0	SNV	0.56	0.0	TERT-GBM	1.0
chr5	1295057	C	G	0.0	1.0	0.0	1.0									0.15	0.17807	TERT-GBM	1.0
chr5	1295057	C	T	0.0	1.0	0.0	1.0	1.0	0.0001229105211406	upstream_gene_variant	1.0	9.089256498818396e-06	0.0	0.0	SNV	0.81	0.0	TERT-GBM	1.0
chr5	1295058	C	A	0.0	1.0	0.0	1.0									0.63	0.0	TERT-GBM	1.0
chr5	1295058	C	G	0.0	1.0	0.0	1.0	1.0	0.0001229105211406		0.0	0.0	0.0	0.0	SNV	0.22	0.04393	TERT-GBM	1.0
chr5	1295058	C	T	0.0	1.0	0.0	1.0									0.02	0.5915	TERT-GBM	1.0
chr5	1295059	C	A	0.0	1.0	0.0	1.0									-0.44	0.0	TERT-GBM	1.0
chr5	1295059	C	G	0.0	1.0	0.0	1.0									-0.18	0.0	TERT-GBM	1.0
chr5	1295059	C	T	0.0	1.0	0.0	1.0									-0.21	0.0	TERT-GBM	1.0
chr5	1295060	C	A	0.0	1.0	0.0	1.0									0.11	0.28885	TERT-GBM	1.0
chr5	1295060	C	G	0.0	1.0	0.0	1.0									0.17	0.04699	TERT-GBM	1.0
chr5	1295060	C	T	0.0	1.0	0.0	1.0									-0.13	1e-05	TERT-GBM	1.0
chr5	1295061	C	A	0.0	1.0	0.0	1.0	0.0	0.0	upstream_gene_variant	1.0	9.089256498818396e-06	0.0	0.0	SNV	-0.15	0.01197	TERT-GBM	1.0
chr5	1295061	C	G	0.0	1.0	0.0	1.0	1.0	0.0001229105211406	upstream_gene_variant	3.0	2.726776949645519e-05	3.0	0.0007674597083653	SNV	0.06	0.45678	TERT-GBM	1.0
chr5	1295061	C	T	0.0	1.0	0.0	1.0	1.0	0.0001229105211406	upstream_gene_variant	3.0	2.726776949645519e-05	3.0	0.0007674597083653	SNV	-0.11	0.00014	TERT-GBM	1.0
chr5	1295062	T	A	0.0	1.0	0.0	1.0									-0.08	0.03865	TERT-GBM	1.0
chr5	1295062	T	C	0.0	1.0	0.0	1.0									0.1	0.00049	TERT-GBM	1.0
chr5	1295062	T	G	0.0	1.0	0.0	1.0									0.14	0.27621	TERT-GBM	1.0
chr5	1295063	C	A	0.0	1.0	0.0	1.0									-0.11	0.0406	TERT-GBM	1.0
chr5	1295063	C	G	0.0	1.0	0.0	1.0									-0.07	0.31409	TERT-GBM	1.0
chr5	1295063	C	T	0.0	1.0	0.0	1.0	0.0	0.0	upstream_gene_variant	1.0	9.089256498818396e-06	0.0	0.0	SNV	-0.2	0.0	TERT-GBM	1.0
chr5	1295064	C	A	0.0	1.0	0.0	1.0									-0.23	0.02186	TERT-GBM	1.0
chr5	1295064	C	G	0.0	1.0	0.0	1.0									-0.21	0.17227	TERT-GBM	1.0
chr5	1295064	C	T	0.0	1.0	0.0	1.0	0.0	0.0	upstream_gene_variant	2.0	1.81785129976368e-05	1.0	0.0002558199027884	SNV	0.03	0.49882	TERT-GBM	1.0
chr5	1295065	T	A	0.0	1.0	0.0	1.0									-0.6	0.0	TERT-GBM	1.0
chr5	1295065	T	C	0.0	1.0	0.0	1.0									-0.12	0.00104	TERT-GBM	1.0
chr5	1295065	T	G	0.0	1.0	0.0	1.0									-0.32	0.00139	TERT-GBM	1.0
chr5	1295066	C	A	0.0	1.0	0.0	1.0									0.11	0.10155	TERT-GBM	1.0
chr5	1295066	C	G	0.0	1.0	0.0	1.0	0.0	0.0	upstream_gene_variant	1.0	9.089256498818396e-06	1.0	0.0002558199027884	SNV	-0.04	0.82336	TERT-GBM	1.0
chr5	1295066	C	T	0.0	1.0	0.0	1.0	0.0	0.0	upstream_gene_variant	3.0	2.726776949645519e-05	2.0	0.0005116398055768	SNV	0.97	0.0	TERT-GBM	1.0
chr5	1295067	T	A	0.0	1.0	0.0	1.0	0.0	0.0	upstream_gene_variant	1.0	9.089256498818396e-06	0.0	0.0	SNV	-0.13	0.01769	TERT-GBM	1.0
chr5	1295067	T	C	0.0	1.0	0.0	1.0									-0.01	0.67164	TERT-GBM	1.0
chr5	1295067	T	G	0.0	1.0	0.0	1.0									-0.41	0.00087	TERT-GBM	1.0
chr5	1295068	C	A	0.0	1.0	0.0	1.0	0.0	0.0	upstream_gene_variant	1.0	9.089256498818396e-06	0.0	0.0	SNV	-0.39	0.0	TERT-GBM	1.0
chr5	1295068	C	G	0.0	1.0	0.0	1.0									-0.43	0.00633	TERT-GBM	1.0
chr5	1295068	C	T	0.0	1.0	0.0	1.0	0.0	0.0	upstream_gene_variant	3.0	2.726776949645519e-05	0.0	0.0	SNV	-0.08	0.07584	TERT-GBM	1.0
chr5	1295069	C	A	0.0	1.0	0.0	1.0									-0.95	0.0	TERT-GBM	1.0
chr5	1295069	C	G	0.0	1.0	0.0	1.0									-0.87	0.0	TERT-GBM	1.0
chr5	1295069	C	T	0.0	1.0	0.0	1.0									-0.83	0.0	TERT-GBM	1.0
chr5	1295070	C	A	0.0	1.0	0.0	1.0									-0.99	0.0	TERT-GBM	1.0
chr5	1295070	C	G	0.0	1.0	0.0	1.0									-0.52	0.0	TERT-GBM	1.0
chr5	1295070	C	T	0.0	1.0	0.0	1.0									-0.98	0.0	TERT-GBM	1.0
chr5	1295071	C	A	0.0	1.0	0.0	1.0									-0.3	0.0	TERT-GBM	1.0
chr5	1295071	C	G	0.0	1.0	0.0	1.0									-0.83	0.0	TERT-GBM	1.0
chr5	1295071	C	T	0.0	1.0	0.0	1.0									-0.29	0.0	TERT-GBM	1.0
chr5	1295072	C	A	0.0	1.0	0.0	1.0									-0.64	0.0	TERT-GBM	1.0
chr5	1295072	C	G	0.0	1.0	0.0	1.0									-0.68	2e-05	TERT-GBM	1.0
chr5	1295072	C	T	0.0	1.0	0.0	1.0									-0.57	0.0	TERT-GBM	1.0
chr5	1295073	C	A	0.0	1.0	0.0	1.0									0.2	0.00091	TERT-GBM	1.0
chr5	1295073	C	G	0.0	1.0	0.0	1.0									-0.44	2e-05	TERT-GBM	1.0
chr5	1295073	C	T	32.713849633663074	0.0301056132594517	1.0	1.0									-0.68	0.0	TERT-GBM	1.0
chr5	1295074	C	A	0.0	1.0	0.0	1.0									-0.27	2e-05	TERT-GBM	1.0
chr5	1295074	C	G	0.0	1.0	0.0	1.0									-0.35	0.00594	TERT-GBM	1.0
chr5	1295074	C	T	0.0	1.0	0.0	1.0									0.09	0.03081	TERT-GBM	1.0
chr5	1295075	C	A	0.0	1.0	0.0	1.0									-0.68	0.0	TERT-GBM	1.0
chr5	1295075	C	G	0.0	1.0	0.0	1.0									-0.2	0.01574	TERT-GBM	1.0
chr5	1295075	C	T	0.0	1.0	0.0	1.0									-0.28	0.0	TERT-GBM	1.0
chr5	1295076	C	A	55.62153014841993	0.0178179978736192	1.0	1.0									-0.32	0.00029	TERT-GBM	1.0
chr5	1295076	C	G	0.0	1.0	0.0	1.0									-0.73	0.0	TERT-GBM	1.0
chr5	1295076	C	T	0.0	1.0	0.0	1.0									-0.33	0.0	TERT-GBM	1.0
chr5	1295077	C	A	0.0	1.0	0.0	1.0	0.0	0.0	upstream_gene_variant	1.0	9.089256498818396e-06	0.0	0.0	SNV	-0.09	0.1493	TERT-GBM	1.0
chr5	1295077	C	G	0.0	1.0	0.0	1.0									-0.22	0.02938	TERT-GBM	1.0
chr5	1295077	C	T	0.0	1.0	0.0	1.0									-0.13	0.00024	TERT-GBM	1.0
chr5	1295078	C	A	0.0	1.0	0.0	1.0									0.27	4e-05	TERT-GBM	1.0
chr5	1295078	C	G	0.0	1.0	0.0	1.0	0.0	0.0	upstream_gene_variant	1.0	9.089256498818396e-06	1.0	0.0002558199027884	SNV	0.17	0.00428	TERT-GBM	1.0
chr5	1295078	C	T	0.0	1.0	0.0	1.0									0.3	0.0	TERT-GBM	1.0
chr5	1295079	C	A	55.692488606747474	0.0177954989593783	1.0	1.0									-0.2	0.00289	TERT-GBM	1.0
chr5	1295079	C	G	0.0	1.0	0.0	1.0									-0.01	0.88255	TERT-GBM	1.0
chr5	1295079	C	T	0.0	1.0	0.0	1.0									-0.12	0.00065	TERT-GBM	1.0
chr5	1295080	C	A	0.0	1.0	0.0	1.0	0.0	0.0	upstream_gene_variant	2.0	1.81785129976368e-05	0.0	0.0	SNV	-0.02	0.70939	TERT-GBM	1.0
chr5	1295080	C	G	0.0	1.0	0.0	1.0									-0.03	0.6851	TERT-GBM	1.0
chr5	1295080	C	T	0.0	1.0	0.0	1.0	0.0	0.0	upstream_gene_variant	5.0	4.544628249409198e-05	2.0	0.0005116398055768	SNV	0.11	0.00095	TERT-GBM	1.0
chr5	1295081	C	A	0.0	1.0	0.0	1.0									-0.02	0.79591	TERT-GBM	1.0
chr5	1295081	C	G	0.0	1.0	0.0	1.0	2.0	0.0002458210422812		0.0	0.0	0.0	0.0	SNV	0.0	0.96589	TERT-GBM	1.0
chr5	1295081	C	T	0.0	1.0	0.0	1.0	1.0	0.0001229105211406	upstream_gene_variant	1.0	9.089256498818396e-06	0.0	0.0	SNV	-0.23	0.0	TERT-GBM	1.0
chr5	1295082	T	A	0.0	1.0	0.0	1.0									-0.97	0.0	TERT-GBM	1.0
chr5	1295082	T	C	0.0	1.0	0.0	1.0									-0.43	0.0	TERT-GBM	1.0
chr5	1295082	T	G	0.0	1.0	0.0	1.0									-0.94	0.0	TERT-GBM	1.0
chr5	1295083	T	A	0.0	1.0	0.0	1.0									-0.38	0.0	TERT-GBM	1.0
chr5	1295083	T	C	0.0	1.0	0.0	1.0	0.0	0.0	upstream_gene_variant	1.0	9.089256498818396e-06	0.0	0.0	SNV	0.2	0.0	TERT-GBM	1.0
chr5	1295083	T	G	0.0	1.0	0.0	1.0	0.0	0.0	upstream_gene_variant	1.0	9.089256498818396e-06	0.0	0.0	SNV	0.98	0.0	TERT-GBM	1.0
chr5	1295084	T	A	0.0	1.0	0.0	1.0									-1.23	0.0	TERT-GBM	1.0
chr5	1295084	T	C	0.0	1.0	0.0	1.0									-0.62	0.0	TERT-GBM	1.0
chr5	1295084	T	G	0.0	1.0	0.0	1.0									0.86	0.0	TERT-GBM	1.0
chr5	1295085	C	A	0.0	1.0	0.0	1.0									-1.12	0.0	TERT-GBM	1.0
chr5	1295085	C	G	0.0	1.0	0.0	1.0									-1.14	0.0	TERT-GBM	1.0
chr5	1295085	C	T	0.0	1.0	0.0	1.0	0.0	0.0	upstream_gene_variant	1.0	9.089256498818396e-06	0.0	0.0	SNV	-1.27	0.0	TERT-GBM	1.0
chr5	1295086	C	A	0.0	1.0	0.0	1.0									-1.72	0.0	TERT-GBM	1.0
chr5	1295086	C	G	0.0	1.0	0.0	1.0									-1.45	0.0	TERT-GBM	1.0
chr5	1295086	C	T	0.0	1.0	0.0	1.0	1.0	0.0001229105211406	upstream_gene_variant	1.0	9.089256498818396e-06	0.0	0.0	SNV	-1.15	0.0	TERT-GBM	1.0
chr5	1295087	T	A	0.0	1.0	0.0	1.0									-1.72	0.0	TERT-GBM	1.0
chr5	1295087	T	C	0.0	1.0	0.0	1.0									-1.37	0.0	TERT-GBM	1.0
chr5	1295087	T	G	0.0	1.0	0.0	1.0									-1.7	0.0	TERT-GBM	1.0
chr5	1295088	T	A	0.0	1.0	0.0	1.0									-1.23	0.0	TERT-GBM	1.0
chr5	1295088	T	C	0.0	1.0	0.0	1.0									-0.83	0.0	TERT-GBM	1.0
chr5	1295088	T	G	0.0	1.0	0.0	1.0									-0.95	0.0	TERT-GBM	1.0
chr5	1295089	C	A	0.0	1.0	0.0	1.0									-1.2	0.0	TERT-GBM	1.0
chr5	1295089	C	G	0.0	1.0	0.0	1.0	0.0	0.0	upstream_gene_variant	1.0	9.089256498818396e-06	0.0	0.0	SNV	-1.02	0.0	TERT-GBM	1.0
chr5	1295089	C	T	57.25391262487853	0.0005961019130568	2.0	1.0	1.0	0.0001229105211406	upstream_gene_variant	8.0	7.271405199054717e-05	0.0	0.0	SNV	-0.64	0.0	TERT-GBM	1.0
chr5	1295090	C	A	0.0	1.0	0.0	1.0									-0.42	0.0	TERT-GBM	1.0
chr5	1295090	C	G	0.0	1.0	0.0	1.0									-1.15	0.0	TERT-GBM	1.0
chr5	1295090	C	T	0.0	1.0	0.0	1.0	8.0	0.0009832841691248	upstream_gene_variant	23.0	0.0002090528994728	0.0	0.0	SNV	0.28	0.0	TERT-GBM	1.0
chr5	1295091	C	A	0.0	1.0	0.0	1.0									-2.04	0.0	TERT-GBM	1.0
chr5	1295091	C	G	0.0	1.0	0.0	1.0									-1.58	0.0	TERT-GBM	1.0
chr5	1295091	C	T	0.0	1.0	0.0	1.0									-1.55	0.0	TERT-GBM	1.0
chr5	1295092	C	A	0.0	1.0	0.0	1.0									-1.5	0.0	TERT-GBM	1.0
chr5	1295092	C	G	0.0	1.0	0.0	1.0									-1.79	0.0	TERT-GBM	1.0
chr5	1295092	C	T	0.0	1.0	0.0	1.0									-1.49	0.0	TERT-GBM	1.0
chr5	1295093	T	A	0.0	1.0	0.0	1.0	0.0	0.0	upstream_gene_variant	1.0	9.089256498818396e-06	0.0	0.0	SNV	-0.17	0.0003	TERT-GBM	1.0
chr5	1295093	T	C	0.0	1.0	0.0	1.0									-0.74	0.0	TERT-GBM	1.0
chr5	1295093	T	G	0.0	1.0	0.0	1.0	1.0	0.0001229105211406	upstream_gene_variant	1.0	9.089256498818396e-06	0.0	0.0	SNV	0.03	0.8325	TERT-GBM	1.0
chr5	1295094	C	A				0.0									-0.72	0.0	TERT-GBM	1.0
chr5	1295094	C	G				0.0									-0.65	0.0	TERT-GBM	1.0
chr5	1295094	C	T				0.0	0.0	0.0	upstream_gene_variant	1.0	9.089256498818396e-06	0.0	0.0	SNV	-0.56	0.0	TERT-GBM	1.0
chr5	1295095	C	A				0.0	0.0	0.0	upstream_gene_variant	1.0	9.089256498818396e-06	0.0	0.0	SNV	-0.47	0.0	TERT-GBM	1.0
chr5	1295095	C	G				0.0									-1.18	0.0	TERT-GBM	1.0
chr5	1295095	C	T				0.0									-1.3	0.0	TERT-GBM	1.0
chr5	1295096	C	A				0.0									-0.05	0.38941	TERT-GBM	1.0
chr5	1295096	C	G				0.0	0.0	0.0	upstream_gene_variant	1.0	9.089256498818396e-06	0.0	0.0	SNV	-0.32	0.00704	TERT-GBM	1.0
chr5	1295096	C	T				0.0	0.0	0.0	upstream_gene_variant	1.0	9.089256498818396e-06	0.0	0.0	SNV	0.72	0.0	TERT-GBM	1.0
chr5	1295097	C	A				0.0									-0.33	0.0	TERT-GBM	1.0
chr5	1295097	C	G				0.0									0.05	0.26944	TERT-GBM	1.0
chr5	1295097	C	T				0.0	0.0	0.0	upstream_gene_variant	1.0	9.089256498818396e-06	0.0	0.0	SNV	0.28	0.0	TERT-GBM	1.0
chr5	1295098	C	A				0.0									-0.61	0.0	TERT-GBM	1.0
chr5	1295098	C	G				0.0									-0.88	0.0	TERT-GBM	1.0
chr5	1295098	C	T				0.0									-0.21	0.0	TERT-GBM	1.0
chr5	1295099	T	A				0.0									-0.14	0.00343	TERT-GBM	1.0
chr5	1295099	T	C				0.0									0.13	0.0	TERT-GBM	1.0
chr5	1295099	T	G				0.0	0.0	0.0	upstream_gene_variant	1.0	9.089256498818396e-06	1.0	0.0002558199027884	SNV	0.08	0.42389	TERT-GBM	1.0
chr5	1295100	C	A				0.0									0.44	0.0	TERT-GBM	1.0
chr5	1295100	C	G				0.0									-0.04	0.75757	TERT-GBM	1.0
chr5	1295100	C	T				0.0	1.0	0.0001229105211406	upstream_gene_variant	1.0	9.089256498818396e-06	1.0	0.0002558199027884	SNV	0.49	0.0	TERT-GBM	1.0
chr5	1295101	C	A				0.0	1.0	0.0001229105211406	upstream_gene_variant	2.0	1.81785129976368e-05	0.0	0.0	SNV	-0.01	0.84384	TERT-GBM	1.0
chr5	1295101	C	G				0.0									-0.12	0.15006	TERT-GBM	1.0
chr5	1295101	C	T				0.0	0.0	0.0	upstream_gene_variant	3.0	2.726776949645519e-05	0.0	0.0	SNV	0.21	0.0	TERT-GBM	1.0
chr5	1295102	C	A				0.0									-0.12	0.08936	TERT-GBM	1.0
chr5	1295102	C	G				0.0	0.0	0.0	upstream_gene_variant	1.0	9.089256498818396e-06	1.0	0.0002558199027884	SNV	0.18	0.13252	TERT-GBM	1.0
chr5	1295102	C	T				0.0	0.0	0.0	upstream_gene_variant	4.0	3.635702599527359e-05	0.0	0.0	SNV	0.09	0.0243	TERT-GBM	1.0
chr5	1295103	T	A				0.0									-0.29	0.0	TERT-GBM	1.0
chr5	1295103	T	C				0.0									-0.53	0.0	TERT-GBM	1.0
chr5	1295103	T	G				0.0									0.21	0.10176	TERT-GBM	1.0
chr5	1295104	C	A				0.0									0.04	0.47405	TERT-GBM	1.0
chr5	1295104	C	G				0.0									0.33	0.05344	TERT-GBM	1.0
chr5	1295104	C	T				0.0	0.0	0.0	upstream_gene_variant	2.0	1.81785129976368e-05	0.0	0.0	SNV	0.07	0.15136	TERT-GBM	1.0
chr5	1295105	C	A				0.0	0.0	0.0	upstream_gene_variant	1.0	9.089256498818396e-06	0.0	0.0	SNV	0.07	0.44537	TERT-GBM	1.0
chr5	1295105	C	G				0.0									-0.28	0.19248	TERT-GBM	1.0
chr5	1295105	C	T				0.0									-0.09	0.0417	TERT-GBM	1.0
chr5	1295106	C	A				0.0	0.0	0.0	upstream_gene_variant	1.0	9.089256498818396e-06	0.0	0.0	SNV	-0.05	0.56458	TERT-GBM	1.0
chr5	1295106	C	G				0.0	1.0	0.0001229105211406		0.0	0.0	0.0	0.0	SNV	0.05	0.53392	TERT-GBM	1.0
chr5	1295106	C	T				0.0	0.0	0.0	upstream_gene_variant	4.0	3.635702599527359e-05	0.0	0.0	SNV	0.11	0.00036	TERT-GBM	1.0
chr5	1295107	C	A				0.0	0.0	0.0	upstream_gene_variant	1.0	9.089256498818396e-06	0.0	0.0	SNV	0.62	0.0	TERT-GBM	1.0
chr5	1295107	C	G				0.0									-0.03	0.81473	TERT-GBM	1.0
chr5	1295107	C	T				0.0	0.0	0.0	upstream_gene_variant	1.0	9.089256498818396e-06	0.0	0.0	SNV	-0.23	0.0	TERT-GBM	1.0
chr5	1295108	C	A				0.0									-0.12	0.04631	TERT-GBM	1.0
chr5	1295108	C	G				0.0									-0.55	0.0	TERT-GBM	1.0
chr5	1295108	C	T				0.0									-0.24	0.0	TERT-GBM	1.0
chr5	1295109	C	A				0.0									-0.35	0.0	TERT-GBM	1.0
chr5	1295109	C	G				0.0									-0.13	0.08195	TERT-GBM	1.0
chr5	1295109	C	T				0.0									-0.18	0.0	TERT-GBM	1.0
chr5	1295110	C	A				0.0									-0.16	0.00023	TERT-GBM	1.0
chr5	1295110	C	G				0.0									-0.28	0.0	TERT-GBM	1.0
chr5	1295110	C	T				0.0	0.0	0.0	upstream_gene_variant	1.0	9.089256498818396e-06	0.0	0.0	SNV	-0.16	1e-05	TERT-GBM	1.0
chr5	1295111	C	A				0.0	0.0	0.0	upstream_gene_variant	1.0	9.089256498818396e-06	0.0	0.0	SNV	-0.4	1e-05	TERT-GBM	1.0
chr5	1295111	C	G				0.0									-0.7	0.0	TERT-GBM	1.0
chr5	1295111	C	T				0.0									-0.1	0.01044	TERT-GBM	1.0
chr5	1295112	T	A				0.0									-0.15	0.01094	TERT-GBM	1.0
chr5	1295112	T	C				0.0									-0.35	0.0	TERT-GBM	1.0
chr5	1295112	T	G				0.0									-0.54	0.00014	TERT-GBM	1.0
chr5	1295113	C	A	272.6706215388465	2.2014801903669226e-07	3.0	1.0	13.0	0.0015978367748279	upstream_gene_variant	55.0	0.000499909107435	12.0	0.0030698388334612	SNV	1.82	0.0	TERT-GBM	1.0
chr5	1295113	C	G	0.0	1.0	0.0	1.0									0.27	0.00617	TERT-GBM	1.0
chr5	1295113	C	T	643.1658253926595	0.0	21.0	1.0	632.0	0.0776794493608653	upstream_gene_variant	4956.0	0.0450463552081439	1146.0	0.2931696085955487	SNV	2.86	0.0	TERT-GBM	1.0
chr5	1295114	C	A	0.0	1.0	0.0	1.0									0.11	0.01694	TERT-GBM	1.0
chr5	1295114	C	G	0.0	1.0	0.0	1.0									-0.4	0.00054	TERT-GBM	1.0
chr5	1295114	C	T	0.0	1.0	0.0	1.0	0.0	0.0	upstream_gene_variant	9.0	8.180330848936557e-05	0.0	0.0	SNV	-0.13	9e-05	TERT-GBM	1.0
chr5	1295115	C	A	0.0	1.0	0.0	1.0	0.0	0.0	upstream_gene_variant	1.0	9.089256498818396e-06	1.0	0.0002558199027884	SNV	-0.74	0.0	TERT-GBM	1.0
chr5	1295115	C	G	0.0	1.0	0.0	1.0									-0.78	0.0	TERT-GBM	1.0
chr5	1295115	C	T	43.2668013068588	0.0228473629722539	1.0	1.0	2.0	0.0002458210422812	upstream_gene_variant	2.0	1.81785129976368e-05	0.0	0.0	SNV	0.37	0.0	TERT-GBM	1.0
chr5	1295116	C	A	0.0	1.0	0.0	1.0									-0.55	0.0	TERT-GBM	1.0
chr5	1295116	C	G	0.0	1.0	0.0	1.0									-1.19	0.0	TERT-GBM	1.0
chr5	1295116	C	T	0.0	1.0	0.0	1.0									-0.76	0.0	TERT-GBM	1.0
chr5	1295117	C	A	0.0	1.0	0.0	1.0									-1.25	0.0	TERT-GBM	1.0
chr5	1295117	C	G	0.0	1.0	0.0	1.0									-1.25	0.0	TERT-GBM	1.0
chr5	1295117	C	T	0.0	1.0	0.0	1.0									-0.8	0.0	TERT-GBM	1.0
chr5	1295118	C	A	0.0	1.0	0.0	1.0	0.0	0.0	upstream_gene_variant	1.0	9.089256498818396e-06	0.0	0.0	SNV	-0.1	0.12441	TERT-GBM	1.0
chr5	1295118	C	G	0.0	1.0	0.0	1.0	0.0	0.0	upstream_gene_variant	1.0	9.089256498818396e-06	0.0	0.0	SNV	-0.16	0.04245	TERT-GBM	1.0
chr5	1295118	C	T	0.0	1.0	0.0	1.0	0.0	0.0	upstream_gene_variant	1.0	9.089256498818396e-06	0.0	0.0	SNV	-0.08	0.0205	TERT-GBM	1.0
chr5	1295119	T	A	0.0	1.0	0.0	1.0									0.19	0.00017	TERT-GBM	1.0
chr5	1295119	T	C	0.0	1.0	0.0	1.0									0.04	0.25309	TERT-GBM	1.0
chr5	1295119	T	G	0.0	1.0	0.0	1.0									0.01	0.95921	TERT-GBM	1.0
chr5	1295120	C	A	0.0	1.0	0.0	1.0									-0.78	0.0	TERT-GBM	1.0
chr5	1295120	C	G	0.0	1.0	0.0	1.0									-1.35	0.0	TERT-GBM	1.0
chr5	1295120	C	T	0.0	1.0	0.0	1.0	0.0	0.0	upstream_gene_variant	1.0	9.089256498818396e-06	1.0	0.0002558199027884	SNV	-0.83	0.0	TERT-GBM	1.0
chr5	1295121	C	A	0.0	1.0	0.0	1.0									-0.36	0.0	TERT-GBM	1.0
chr5	1295121	C	G	0.0	1.0	0.0	1.0									-0.6	0.0	TERT-GBM	1.0
chr5	1295121	C	T	0.0	1.0	0.0	1.0									-0.24	0.0	TERT-GBM	1.0
chr5	1295122	C	A	0.0	1.0	0.0	1.0									-0.46	0.0	TERT-GBM	1.0
chr5	1295122	C	G	0.0	1.0	0.0	1.0	0.0	0.0	upstream_gene_variant	1.0	9.089256498818396e-06	0.0	0.0	SNV	-0.01	0.82726	TERT-GBM	1.0
chr5	1295122	C	T	0.0	1.0	0.0	1.0	0.0	0.0	upstream_gene_variant	1.0	9.089256498818396e-06	0.0	0.0	SNV	0.24	0.0	TERT-GBM	1.0
chr5	1295123	C	A	0.0	1.0	0.0	1.0									-0.4	0.00014	TERT-GBM	1.0
chr5	1295123	C	G	0.0	1.0	0.0	1.0									-0.02	0.91702	TERT-GBM	1.0
chr5	1295123	C	T	0.0	1.0	0.0	1.0									-0.32	0.0	TERT-GBM	1.0
chr5	1295124	C	A	0.0	1.0	0.0	1.0									-0.37	0.0	TERT-GBM	1.0
chr5	1295124	C	G	0.0	1.0	0.0	1.0	0.0	0.0	upstream_gene_variant	1.0	9.089256498818396e-06	1.0	0.0002558199027884	SNV	-0.18	0.11693	TERT-GBM	1.0
chr5	1295124	C	T	0.0	1.0	0.0	1.0	0.0	0.0	upstream_gene_variant	1.0	9.089256498818396e-06	0.0	0.0	SNV	-0.22	0.0	TERT-GBM	1.0
chr5	1295125	C	A	0.0	1.0	0.0	1.0	0.0	0.0	upstream_gene_variant	1.0	9.089256498818396e-06	0.0	0.0	SNV	0.27	0.0	TERT-GBM	1.0
chr5	1295125	C	G	0.0	1.0	0.0	1.0									0.04	0.17302	TERT-GBM	1.0
chr5	1295125	C	T	0.0	1.0	0.0	1.0	0.0	0.0	upstream_gene_variant	1.0	9.089256498818396e-06	0.0	0.0	SNV	0.32	0.0	TERT-GBM	1.0
chr5	1295126	C	A	0.0	1.0	0.0	1.0									0.15	0.01419	TERT-GBM	1.0
chr5	1295126	C	G	0.0	1.0	0.0	1.0	0.0	0.0	upstream_gene_variant	1.0	9.089256498818396e-06	0.0	0.0	SNV	0.17	0.20934	TERT-GBM	1.0
chr5	1295126	C	T	0.0	1.0	0.0	1.0	0.0	0.0	upstream_gene_variant	1.0	9.089256498818396e-06	0.0	0.0	SNV	0.21	0.0	TERT-GBM	1.0
chr5	1295127	C	A	0.0	1.0	0.0	1.0									0.27	0.0	TERT-GBM	1.0
chr5	1295127	C	G	0.0	1.0	0.0	1.0									0.07	0.50688	TERT-GBM	1.0
chr5	1295127	C	T	0.0	1.0	0.0	1.0	5.0	0.000614552605703	upstream_gene_variant	9.0	8.180330848936557e-05	1.0	0.0002558199027884	SNV	-0.02	0.52306	TERT-GBM	1.0
chr5	1295128	C	A	0.0	1.0	0.0	1.0	0.0	0.0	upstream_gene_variant	1.0	9.089256498818396e-06	0.0	0.0	SNV	-0.11	0.48508	TERT-GBM	1.0
chr5	1295128	C	G	0.0	1.0	0.0	1.0									0.32	0.32226	TERT-GBM	1.0
chr5	1295128	C	T	0.0	1.0	0.0	1.0	0.0	0.0	upstream_gene_variant	4.0	3.635702599527359e-05	2.0	0.0005116398055768	SNV	0.2	0.0	TERT-GBM	1.0
chr5	1295129	T	A	0.0	1.0	0.0	1.0									-0.72	0.0	TERT-GBM	1.0
chr5	1295129	T	C	0.0	1.0	0.0	1.0									-0.44	0.0	TERT-GBM	1.0
chr5	1295129	T	G	0.0	1.0	0.0	1.0									-0.11	0.40555	TERT-GBM	1.0
chr5	1295130	C	A	0.0	1.0	0.0	1.0									0.55	0.00096	TERT-GBM	1.0
chr5	1295130	C	G	0.0	1.0	0.0	1.0									0.45	0.00129	TERT-GBM	1.0
chr5	1295130	C	T	0.0	1.0	0.0	1.0	1.0	0.0001229105211406	upstream_gene_variant	2.0	1.81785129976368e-05	0.0	0.0	SNV	0.3	0.0	TERT-GBM	1.0
chr5	1295131	C	A	0.0	1.0	0.0	1.0									0.28	0.0	TERT-GBM	1.0
chr5	1295131	C	G	0.0	1.0	0.0	1.0									-0.03	0.8277	TERT-GBM	1.0
chr5	1295131	C	T	41.729466633700014	0.0236790277826913	1.0	1.0	0.0	0.0	upstream_gene_variant	2.0	1.81785129976368e-05	0.0	0.0	SNV	0.16	1e-05	TERT-GBM	1.0
chr5	1295132	C	A	0.0	1.0	0.0	1.0									0.2	0.00049	TERT-GBM	1.0
chr5	1295132	C	G	0.0	1.0	0.0	1.0									0.22	0.00391	TERT-GBM	1.0
chr5	1295132	C	T	0.0	1.0	0.0	1.0	2.0	0.0002458210422812	upstream_gene_variant	2.0	1.81785129976368e-05	0.0	0.0	SNV	0.15	1e-05	TERT-GBM	1.0
chr5	1295133	C	A	0.0	1.0	0.0	1.0									-0.77	0.0	TERT-GBM	1.0
chr5	1295133	C	G	0.0	1.0	0.0	1.0									-0.68	0.0	TERT-GBM	1.0
chr5	1295133	C	T	0.0	1.0	0.0	1.0	1.0	0.0001229105211406		0.0	0.0	0.0	0.0	SNV	-0.3	0.0	TERT-GBM	1.0
chr5	1295134	C	A	0.0	1.0	0.0	1.0									-0.19	0.0002	TERT-GBM	1.0
chr5	1295134	C	G	0.0	1.0	0.0	1.0									-0.74	0.0	TERT-GBM	1.0
chr5	1295134	C	T	0.0	1.0	0.0	1.0									-0.24	0.0	TERT-GBM	1.0
chr5	1295135	C	A	0.0	1.0	0.0	1.0									-0.19	0.05065	TERT-GBM	1.0
chr5	1295135	C	G	0.0	1.0	0.0	1.0	0.0	0.0	upstream_gene_variant	1.0	9.089256498818396e-06	0.0	0.0	SNV	-0.69	0.00124	TERT-GBM	1.0
chr5	1295135	C	T	437.6776841582375	0.0	15.0	1.0	275.0	0.0338003933136676	upstream_gene_variant	1336.0	0.0121432466824213	163.0	0.0416986441545152	SNV	2.42	0.0	TERT-GBM	1.0
chr5	1295136	T	A	0.0	1.0	0.0	1.0	0.0	0.0	upstream_gene_variant	2.0	1.81785129976368e-05	0.0	0.0	SNV	-0.15	0.00815	TERT-GBM	1.0
chr5	1295136	T	C	0.0	1.0	0.0	1.0									-0.03	0.70619	TERT-GBM	1.0
chr5	1295136	T	G	0.0	1.0	0.0	1.0									0.25	0.07302	TERT-GBM	1.0
chr5	1295137	C	A	0.0	1.0	0.0	1.0									0.16	0.00168	TERT-GBM	1.0
chr5	1295137	C	G	0.0	1.0	0.0	1.0									-0.12	0.20541	TERT-GBM	1.0
chr5	1295137	C	T	0.0	1.0	0.0	1.0	0.0	0.0	upstream_gene_variant	1.0	9.089256498818396e-06	0.0	0.0	SNV	-0.13	0.00028	TERT-GBM	1.0
chr5	1295138	C	A	0.0	1.0	0.0	1.0	1.0	0.0001229105211406		0.0	0.0	0.0	0.0	SNV	0.14	0.01538	TERT-GBM	1.0
chr5	1295138	C	G	0.0	1.0	0.0	1.0									0.28	0.01502	TERT-GBM	1.0
chr5	1295138	C	T	0.0	1.0	0.0	1.0	7.0	0.0008603736479842	upstream_gene_variant	9.0	8.180330848936557e-05	0.0	0.0	SNV	0.15	0.0	TERT-GBM	1.0
chr5	1295139	C	A	0.0	1.0	0.0	1.0	0.0	0.0	upstream_gene_variant	1.0	9.089256498818396e-06	0.0	0.0	SNV	-0.14	0.00265	TERT-GBM	1.0
chr5	1295139	C	G	0.0	1.0	0.0	1.0									0.1	0.19266	TERT-GBM	1.0
chr5	1295139	C	T	0.0	1.0	0.0	1.0	0.0	0.0	upstream_gene_variant	3.0	2.726776949645519e-05	1.0	0.0002558199027884	SNV	0.46	0.0	TERT-GBM	1.0
chr5	1295140	C	A	0.0	1.0	0.0	1.0									0.02	0.80327	TERT-GBM	1.0
chr5	1295140	C	G	0.0	1.0	0.0	1.0									-0.05	0.35529	TERT-GBM	1.0
chr5	1295140	C	T	0.0	1.0	0.0	1.0	0.0	0.0	upstream_gene_variant	2.0	1.81785129976368e-05	0.0	0.0	SNV	0.14	1e-05	TERT-GBM	1.0
chr5	1295141	T	A	0.0	1.0	0.0	1.0									0.3	0.0	TERT-GBM	1.0
chr5	1295141	T	C	0.0	1.0	0.0	1.0									0.51	0.0	TERT-GBM	1.0
chr5	1295141	T	G	0.0	1.0	0.0	1.0									0.16	0.09352	TERT-GBM	1.0
chr5	1295142	C	A	0.0	1.0	0.0	1.0	1.0	0.0001229105211406	upstream_gene_variant	1.0	9.089256498818396e-06	0.0	0.0	SNV	0.18	0.00415	TERT-GBM	1.0
chr5	1295142	C	G	0.0	1.0	0.0	1.0									0.15	0.21127	TERT-GBM	1.0
chr5	1295142	C	T	0.0	1.0	0.0	1.0	0.0	0.0	upstream_gene_variant	2.0	1.81785129976368e-05	0.0	0.0	SNV	0.41	0.0	TERT-GBM	1.0
chr5	1295143	C	A	0.0	1.0	0.0	1.0	0.0	0.0	upstream_gene_variant	1.0	9.089256498818396e-06	0.0	0.0	SNV	0.02	0.73119	TERT-GBM	1.0
chr5	1295143	C	G	0.0	1.0	0.0	1.0									-0.24	0.1013	TERT-GBM	1.0
chr5	1295143	C	T	0.0	1.0	0.0	1.0									0.3	0.0	TERT-GBM	1.0
chr5	1295144	C	A	0.0	1.0	0.0	1.0									-0.44	0.0	TERT-GBM	1.0
chr5	1295144	C	G	0.0	1.0	0.0	1.0									-0.44	0.0	TERT-GBM	1.0
chr5	1295144	C	T	0.0	1.0	0.0	1.0	0.0	0.0	upstream_gene_variant	1.0	9.089256498818396e-06	0.0	0.0	SNV	-0.11	0.00165	TERT-GBM	1.0
chr5	1295145	C	A	0.0	1.0	0.0	1.0									-0.15	0.1807	TERT-GBM	1.0
chr5	1295145	C	G	0.0	1.0	0.0	1.0									-0.26	0.0165	TERT-GBM	1.0
chr5	1295145	C	T	0.0	1.0	0.0	1.0									0.07	0.05939	TERT-GBM	1.0
chr5	1295146	T	A	0.0	1.0	0.0	1.0									-0.28	3e-05	TERT-GBM	1.0
chr5	1295146	T	C	0.0	1.0	0.0	1.0	0.0	0.0	upstream_gene_variant	2.0	1.81785129976368e-05	0.0	0.0	SNV	-0.13	0.00636	TERT-GBM	1.0
chr5	1295146	T	G	0.0	1.0	0.0	1.0									0.2	0.09093	TERT-GBM	1.0
chr5	1295147	C	A	0.0	1.0	0.0	1.0									0.35	0.00035	TERT-GBM	1.0
chr5	1295147	C	G	61.295422266023714	0.0161820724467696	1.0	1.0	0.0	0.0	upstream_gene_variant	3.0	2.726776949645519e-05	0.0	0.0	SNV	-0.15	0.15191	TERT-GBM	1.0
chr5	1295147	C	T	0.0	1.0	0.0	1.0	0.0	0.0	upstream_gene_variant	1.0	9.089256498818396e-06	0.0	0.0	SNV	-0.14	2e-05	TERT-GBM	1.0
chr5	1295148	C	A	0.0	1.0	0.0	1.0									0.11	0.08217	TERT-GBM	1.0
chr5	1295148	C	G	0.0	1.0	0.0	1.0									-0.48	0.02214	TERT-GBM	1.0
chr5	1295148	C	T	0.0	1.0	0.0	1.0	0.0	0.0	upstream_gene_variant	4.0	3.635702599527359e-05	0.0	0.0	SNV	-0.15	0.0	TERT-GBM	1.0
chr5	1295149	C	A	0.0	1.0	0.0	1.0	1.0	0.0001229105211406	upstream_gene_variant	1.0	9.089256498818396e-06	0.0	0.0	SNV	-0.86	0.0	TERT-GBM	1.0
chr5	1295149	C	G	0.0	1.0	0.0	1.0									-0.94	0.0	TERT-GBM	1.0
chr5	1295149	C	T	0.0	1.0	0.0	1.0	0.0	0.0	upstream_gene_variant	2.0	1.81785129976368e-05	0.0	0.0	SNV	-0.58	0.0	TERT-GBM	1.0
chr5	1295150	C	A	0.0	1.0	0.0	1.0									-1.07	0.0	TERT-GBM	1.0
chr5	1295150	C	G	0.0	1.0	0.0	1.0									-0.85	0.0	TERT-GBM	1.0
chr5	1295150	C	T	0.0	1.0	0.0	1.0	0.0	0.0	upstream_gene_variant	3.0	2.726776949645519e-05	0.0	0.0	SNV	-1.15	0.0	TERT-GBM	1.0
chr5	1295151	C	A	0.0	1.0	0.0	1.0									-1.55	0.0	TERT-GBM	1.0
chr5	1295151	C	G	0.0	1.0	0.0	1.0									-1.6	0.0	TERT-GBM	1.0
chr5	1295151	C	T	0.0	1.0	0.0	1.0									-1.17	0.0	TERT-GBM	1.0
chr5	1295152	C	A	0.0	1.0	0.0	1.0									-0.72	0.0	TERT-GBM	1.0
chr5	1295152	C	G	73.1763446455909	0.0135726677033669	1.0	1.0									-0.34	0.07254	TERT-GBM	1.0
chr5	1295152	C	T	0.0	1.0	0.0	1.0									-0.75	0.0	TERT-GBM	1.0
chr5	1295153	C	A	0.0	1.0	0.0	1.0									-0.77	0.0	TERT-GBM	1.0
chr5	1295153	C	G	0.0	1.0	0.0	1.0									-0.93	0.0	TERT-GBM	1.0
chr5	1295153	C	T	0.0	1.0	0.0	1.0									-1.12	0.0	TERT-GBM	1.0
chr5	1295154	C	A	0.0	1.0	0.0	1.0	0.0	0.0	upstream_gene_variant	1.0	9.089256498818396e-06	1.0	0.0002558199027884	SNV	0.35	0.0	TERT-GBM	1.0
chr5	1295154	C	G	0.0	1.0	0.0	1.0									-0.44	0.0	TERT-GBM	1.0
chr5	1295154	C	T	0.0	1.0	0.0	1.0									-0.75	0.0	TERT-GBM	1.0
chr5	1295155	C	A	0.0	1.0	0.0	1.0									-0.3	0.0	TERT-GBM	1.0
chr5	1295155	C	G	0.0	1.0	0.0	1.0									0.0	0.99582	TERT-GBM	1.0
chr5	1295155	C	T	0.0	1.0	0.0	1.0	0.0	0.0	upstream_gene_variant	1.0	9.089256498818396e-06	1.0	0.0002558199027884	SNV	0.47	0.0	TERT-GBM	1.0
chr5	1295156	C	A	25.43351894002094	0.0385552642749544	1.0	1.0									0.04	0.74801	TERT-GBM	1.0
chr5	1295156	C	G	0.0	1.0	0.0	1.0	1.0	0.0001229105211406		0.0	0.0	0.0	0.0	SNV	0.03	0.50652	TERT-GBM	1.0
chr5	1295156	C	T	0.0	1.0	0.0	1.0	0.0	0.0	upstream_gene_variant	1.0	9.089256498818396e-06	0.0	0.0	SNV	-0.02	0.63149	TERT-GBM	1.0
chr5	1295157	T	A	0.0	1.0	0.0	1.0									0.21	0.00068	TERT-GBM	1.0
chr5	1295157	T	C	0.0	1.0	0.0	1.0	0.0	0.0	upstream_gene_variant	1.0	9.089256498818396e-06	0.0	0.0	SNV	0.48	0.0	TERT-GBM	1.0
chr5	1295157	T	G	0.0	1.0	0.0	1.0									-0.1	0.4629	TERT-GBM	1.0
chr5	1295158	C	A	0.0	1.0	0.0	1.0									-0.45	0.0	TERT-GBM	1.0
chr5	1295158	C	G	0.0	1.0	0.0	1.0									-0.03	0.84556	TERT-GBM	1.0
chr5	1295158	C	T	0.0	1.0	0.0	1.0									0.26	0.0	TERT-GBM	1.0
chr5	1295159	C	A	0.0	1.0	0.0	1.0	0.0	0.0	upstream_gene_variant	1.0	9.089256498818396e-06	0.0	0.0	SNV	0.34	0.0	TERT-GBM	1.0
chr5	1295159	C	G	0.0	1.0	0.0	1.0									0.25	0.03012	TERT-GBM	1.0
chr5	1295159	C	T	0.0	1.0	0.0	1.0	0.0	0.0	upstream_gene_variant	1.0	9.089256498818396e-06	0.0	0.0	SNV	0.33	0.0	TERT-GBM	1.0
chr5	1295160	C	A	0.0	1.0	0.0	1.0									-0.14	0.21102	TERT-GBM	1.0
chr5	1295160	C	G	0.0	1.0	0.0	1.0									-0.04	0.66606	TERT-GBM	1.0
chr5	1295160	C	T	0.0	1.0	0.0	1.0									-0.12	9e-05	TERT-GBM	1.0
chr5	1295161	C	A	0.0	1.0	0.0	1.0	0.0	0.0	upstream_gene_variant	1.0	9.089256498818396e-06	0.0	0.0	SNV	0.17	0.02584	TERT-GBM	1.0
chr5	1295161	C	G	0.0	1.0	0.0	1.0									0.14	0.11336	TERT-GBM	1.0
chr5	1295161	C	T	0.0	1.0	0.0	1.0	0.0	0.0	upstream_gene_variant	1.0	9.089256498818396e-06	0.0	0.0	SNV	0.06	0.09189	TERT-GBM	1.0
chr5	1295162	C	A	0.0	1.0	0.0	1.0									-0.04	0.65897	TERT-GBM	1.0
chr5	1295162	C	G	0.0	1.0	0.0	1.0									-0.03	0.69048	TERT-GBM	1.0
chr5	1295162	C	T	0.0	1.0	0.0	1.0									-0.13	0.0001	TERT-GBM	1.0
chr5	1295163	C	A	0.0	1.0	0.0	1.0									0.05	0.60918	TERT-GBM	1.0
chr5	1295163	C	G	0.0	1.0	0.0	1.0									-0.09	0.35912	TERT-GBM	1.0
chr5	1295163	C	T	0.0	1.0	0.0	1.0	0.0	0.0	upstream_gene_variant	3.0	2.726776949645519e-05	0.0	0.0	SNV	-0.16	0.0	TERT-GBM	1.0
chr5	1295164	C	A	0.0	1.0	0.0	1.0									-0.01	0.88229	TERT-GBM	1.0
chr5	1295164	C	G	0.0	1.0	0.0	1.0									-0.01	0.86418	TERT-GBM	1.0
chr5	1295164	C	T	0.0	1.0	0.0	1.0									0.01	0.87312	TERT-GBM	1.0
chr5	1295165	C	A	0.0	1.0	0.0	1.0									-0.08	0.30937	TERT-GBM	1.0
chr5	1295165	C	G	0.0	1.0	0.0	1.0									0.11	0.43169	TERT-GBM	1.0
chr5	1295165	C	T	0.0	1.0	0.0	1.0	1.0	0.0001229105211406		0.0	0.0	0.0	0.0	SNV	0.01	0.83969	TERT-GBM	1.0
chr5	1295166	T	A	0.0	1.0	0.0	1.0									-0.08	0.14213	TERT-GBM	1.0
chr5	1295166	T	C	0.0	1.0	0.0	1.0	0.0	0.0	upstream_gene_variant	1.0	9.089256498818396e-06	0.0	0.0	SNV	-0.1	0.00564	TERT-GBM	1.0
chr5	1295166	T	G	0.0	1.0	0.0	1.0									0.05	0.60626	TERT-GBM	1.0
chr5	1295167	C	A	0.0	1.0	0.0	1.0									-0.32	0.0	TERT-GBM	1.0
chr5	1295167	C	G	0.0	1.0	0.0	1.0									-0.33	0.00019	TERT-GBM	1.0
chr5	1295167	C	T	0.0	1.0	0.0	1.0									0.41	0.0	TERT-GBM	1.0
chr5	1295168	C	A	0.0	1.0	0.0	1.0									-0.17	0.06202	TERT-GBM	1.0
chr5	1295168	C	G	0.0	1.0	0.0	1.0									-0.32	0.1115	TERT-GBM	1.0
chr5	1295168	C	T	0.0	1.0	0.0	1.0	1.0	0.0001229105211406		0.0	0.0	0.0	0.0	SNV	-0.11	0.01703	TERT-GBM	1.0
chr5	1295169	T	A	0.0	1.0	0.0	1.0									-1.12	0.0	TERT-GBM	1.0
chr5	1295169	T	C	0.0	1.0	0.0	1.0									0.12	0.00019	TERT-GBM	1.0
chr5	1295169	T	G	0.0	1.0	0.0	1.0									-0.91	0.0	TERT-GBM	1.0
chr5	1295170	C	A	0.0	1.0	0.0	1.0									-1.07	0.0	TERT-GBM	1.0
chr5	1295170	C	G	0.0	1.0	0.0	1.0									-0.96	0.0	TERT-GBM	1.0
chr5	1295170	C	T	0.0	1.0	0.0	1.0									-0.63	0.0	TERT-GBM	1.0
chr5	1295171	C	A	0.0	1.0	0.0	1.0									-1.16	0.0	TERT-GBM	1.0
chr5	1295171	C	G	0.0	1.0	0.0	1.0									-1.1	0.0	TERT-GBM	1.0
chr5	1295171	C	T	0.0	1.0	0.0	1.0									-1.09	0.0	TERT-GBM	1.0
chr5	1295172	C	A	0.0	1.0	0.0	1.0									-0.17	0.00527	TERT-GBM	1.0
chr5	1295172	C	G	0.0	1.0	0.0	1.0									-0.73	0.0	TERT-GBM	1.0
chr5	1295172	C	T	0.0	1.0	0.0	1.0									-0.32	0.0	TERT-GBM	1.0
chr5	1295173	C	A	0.0	1.0	0.0	1.0									-0.9	0.0	TERT-GBM	1.0
chr5	1295173	C	G	0.0	1.0	0.0	1.0									-0.71	0.0	TERT-GBM	1.0
chr5	1295173	C	T	0.0	1.0	0.0	1.0									-0.94	0.0	TERT-GBM	1.0
chr5	1295174	C	A	0.0	1.0	0.0	1.0									-0.52	0.0	TERT-GBM	1.0
chr5	1295174	C	G	0.0	1.0	0.0	1.0									-1.06	0.0	TERT-GBM	1.0
chr5	1295174	C	T	0.0	1.0	0.0	1.0									-1.06	0.0	TERT-GBM	1.0
chr5	1295175	T	A	0.0	1.0	0.0	1.0									-0.38	0.0	TERT-GBM	1.0
chr5	1295175	T	C	0.0	1.0	0.0	1.0									-0.04	0.13899	TERT-GBM	1.0
chr5	1295175	T	G	0.0	1.0	0.0	1.0									-0.41	0.002	TERT-GBM	1.0
chr5	1295176	C	A	0.0	1.0	0.0	1.0	0.0	0.0	upstream_gene_variant	1.0	9.089256498818396e-06	0.0	0.0	SNV	-0.32	0.00108	TERT-GBM	1.0
chr5	1295176	C	G	0.0	1.0	0.0	1.0									-0.45	0.0	TERT-GBM	1.0
chr5	1295176	C	T	0.0	1.0	0.0	1.0									-0.29	0.0	TERT-GBM	1.0
chr5	1295177	C	A	0.0	1.0	0.0	1.0									-0.55	0.0	TERT-GBM	1.0
chr5	1295177	C	G	0.0	1.0	0.0	1.0									-0.95	0.0	TERT-GBM	1.0
chr5	1295177	C	T	0.0	1.0	0.0	1.0									-0.15	3e-05	TERT-GBM	1.0
chr5	1295178	T	A	0.0	1.0	0.0	1.0									0.21	4e-05	TERT-GBM	1.0
chr5	1295178	T	C	54.827508867188655	0.0180736951669541	1.0	1.0									0.61	0.0	TERT-GBM	1.0
chr5	1295178	T	G	0.0	1.0	0.0	1.0									-0.08	0.47092	TERT-GBM	1.0
chr5	1295179	C	A	0.0	1.0	0.0	1.0									0.27	0.00214	TERT-GBM	1.0
chr5	1295179	C	G	0.0	1.0	0.0	1.0									0.21	0.01916	TERT-GBM	1.0
chr5	1295179	C	T	0.0	1.0	0.0	1.0	0.0	0.0	upstream_gene_variant	1.0	9.089256498818396e-06	0.0	0.0	SNV	0.25	0.0	TERT-GBM	1.0
chr5	1295180	C	A	0.0	1.0	0.0	1.0									-0.08	0.33908	TERT-GBM	1.0
chr5	1295180	C	G	0.0	1.0	0.0	1.0	1.0	0.0001229105211406	upstream_gene_variant	1.0	9.089256498818396e-06	1.0	0.0002558199027884	SNV	-0.09	0.37619	TERT-GBM	1.0
chr5	1295180	C	T	31.176647547747507	0.0315663336847191	1.0	1.0	0.0	0.0	upstream_gene_variant	2.0	1.81785129976368e-05	2.0	0.0005116398055768	SNV	0.01	0.74789	TERT-GBM	1.0
chr5	1295181	T	A	0.0	1.0	0.0	1.0									-0.22	0.0	TERT-GBM	1.0
chr5	1295181	T	C	0.0	1.0	0.0	1.0									0.11	0.0	TERT-GBM	1.0
chr5	1295181	T	G	0.0	1.0	0.0	1.0									-0.76	0.0	TERT-GBM	1.0
chr5	1295182	T	A	0.0	1.0	0.0	1.0									0.12	0.01972	TERT-GBM	1.0
chr5	1295182	T	C	0.0	1.0	0.0	1.0	0.0	0.0	upstream_gene_variant	1.0	9.089256498818396e-06	0.0	0.0	SNV	0.13	0.0	TERT-GBM	1.0
chr5	1295182	T	G	0.0	1.0	0.0	1.0									0.06	0.5861	TERT-GBM	1.0
chr5	1295183	C	A	0.0	1.0	0.0	1.0	0.0	0.0	upstream_gene_variant	1.0	9.089256498818396e-06	0.0	0.0	SNV	0.35	0.0	TERT-GBM	1.0
chr5	1295183	C	G	0.0	1.0	0.0	1.0									0.41	0.0	TERT-GBM	1.0
chr5	1295183	C	T	0.0	1.0	0.0	1.0	0.0	0.0	upstream_gene_variant	2.0	1.81785129976368e-05	1.0	0.0002558199027884	SNV	0.17	1e-05	TERT-GBM	1.0
chr5	1295184	C	A	0.0	1.0	0.0	1.0									0.09	0.65933	TERT-GBM	1.0
chr5	1295184	C	G	0.0	1.0	0.0	1.0									0.13	0.08929	TERT-GBM	1.0
chr5	1295184	C	T	0.0	1.0	0.0	1.0									0.21	0.0	TERT-GBM	1.0
chr5	1295185	T	A	0.0	1.0	0.0	1.0									0.23	0.0	TERT-GBM	1.0
chr5	1295185	T	C	0.0	1.0	0.0	1.0									0.24	0.0	TERT-GBM	1.0
chr5	1295185	T	G	0.0	1.0	0.0	1.0									0.33	0.0	TERT-GBM	1.0
chr5	1295186	C	A	0.0	1.0	0.0	1.0									0.2	0.0597	TERT-GBM	1.0
chr5	1295186	C	G	0.0	1.0	0.0	1.0									0.37	0.01503	TERT-GBM	1.0
chr5	1295186	C	T	0.0	1.0	0.0	1.0									-0.13	0.00403	TERT-GBM	1.0
chr5	1295187	T	A	0.0	1.0	0.0	1.0									-0.06	0.2458	TERT-GBM	1.0
chr5	1295187	T	C	0.0	1.0	0.0	1.0									0.1	0.00011	TERT-GBM	1.0
chr5	1295187	T	G	0.0	1.0	0.0	1.0									-0.1	0.46232	TERT-GBM	1.0
chr5	1295188	T	A	0.0	1.0	0.0	1.0									0.03	0.58358	TERT-GBM	1.0
chr5	1295188	T	C	0.0	1.0	0.0	1.0									-0.13	0.0	TERT-GBM	1.0
chr5	1295188	T	G	0.0	1.0	0.0	1.0									0.18	0.07324	TERT-GBM	1.0
chr5	1295189	C	A	0.0	1.0	0.0	1.0									0.08	0.30577	TERT-GBM	1.0
chr5	1295189	C	G	0.0	1.0	0.0	1.0									-0.18	0.15718	TERT-GBM	1.0
chr5	1295189	C	T	31.60110080679295	0.0311490209076642	1.0	1.0	0.0	0.0	upstream_gene_variant	1.0	9.089256498818396e-06	0.0	0.0	SNV	0.26	0.0	TERT-GBM	1.0
chr5	1295190	C	A	0.0	1.0	0.0	1.0	0.0	0.0	upstream_gene_variant	1.0	9.089256498818396e-06	0.0	0.0	SNV	-0.03	0.64882	TERT-GBM	1.0
chr5	1295190	C	G	0.0	1.0	0.0	1.0									0.05	0.65452	TERT-GBM	1.0
chr5	1295190	C	T	0.0	1.0	0.0	1.0	1.0	0.0001229105211406		0.0	0.0	0.0	0.0	SNV	0.05	0.25271	TERT-GBM	1.0
chr5	1295191	C	A	0.0	1.0	0.0	1.0									-0.6	0.0	TERT-GBM	1.0
chr5	1295191	C	G	0.0	1.0	0.0	1.0									-0.1	0.39117	TERT-GBM	1.0
chr5	1295191	C	T	0.0	1.0	0.0	1.0									-0.15	0.00044	TERT-GBM	1.0
chr5	1295192	C	A	72.70402981446577	0.0136602362633017	1.0	1.0									0.04	0.63657	TERT-GBM	1.0
chr5	1295192	C	G	0.0	1.0	0.0	1.0									-0.19	0.00617	TERT-GBM	1.0
chr5	1295192	C	T	0.0	1.0	0.0	1.0									-0.16	0.0	TERT-GBM	1.0
chr5	1295193	C	A	0.0	1.0	0.0	1.0									-0.01	0.91526	TERT-GBM	1.0
chr5	1295193	C	G	0.0	1.0	0.0	1.0									0.16	0.07029	TERT-GBM	1.0
chr5	1295193	C	T	0.0	1.0	0.0	1.0									-0.19	0.0	TERT-GBM	1.0
chr5	1295194	T	A	0.0	1.0	0.0	1.0									-0.01	0.7908	TERT-GBM	1.0
chr5	1295194	T	C	0.0	1.0	0.0	1.0									0.33	0.0	TERT-GBM	1.0
chr5	1295194	T	G	0.0	1.0	0.0	1.0									0.24	0.04548	TERT-GBM	1.0
chr5	1295195	C	A	0.0	1.0	0.0	1.0									0.06	0.31869	TERT-GBM	1.0
chr5	1295195	C	G	0.0	1.0	0.0	1.0									-0.1	0.31967	TERT-GBM	1.0
chr5	1295195	C	T	0.0	1.0	0.0	1.0	1.0	0.0001229105211406		0.0	0.0	0.0	0.0	SNV	-0.2	0.0	TERT-GBM	1.0
chr5	1295196	C	A	0.0	1.0	0.0	1.0									0.06	0.46249	TERT-GBM	1.0
chr5	1295196	C	G	0.0	1.0	0.0	1.0	0.0	0.0	upstream_gene_variant	1.0	9.089256498818396e-06	1.0	0.0002558199027884	SNV	-0.37	0.10898	TERT-GBM	1.0
chr5	1295196	C	T	0.0	1.0	0.0	1.0	0.0	0.0	upstream_gene_variant	1.0	9.089256498818396e-06	1.0	0.0002558199027884	SNV	-0.13	0.00172	TERT-GBM	1.0
chr5	1295197	T	A	0.0	1.0	0.0	1.0									-0.35	0.0	TERT-GBM	1.0
chr5	1295197	T	C	0.0	1.0	0.0	1.0	0.0	0.0	upstream_gene_variant	5.0	4.544628249409198e-05	0.0	0.0	SNV	0.14	0.0	TERT-GBM	1.0
chr5	1295197	T	G	0.0	1.0	0.0	1.0									0.03	0.74579	TERT-GBM	1.0
chr5	1295198	C	A	0.0	1.0	0.0	1.0									-0.02	0.87603	TERT-GBM	1.0
chr5	1295198	C	G	0.0	1.0	0.0	1.0									-0.29	1e-05	TERT-GBM	1.0
chr5	1295198	C	T	0.0	1.0	0.0	1.0	0.0	0.0	upstream_gene_variant	3.0	2.726776949645519e-05	0.0	0.0	SNV	-0.16	0.0	TERT-GBM	1.0
chr5	1295199	C	A	0.0	1.0	0.0	1.0	0.0	0.0	upstream_gene_variant	1.0	9.089256498818396e-06	0.0	0.0	SNV	0.03	0.62373	TERT-GBM	1.0
chr5	1295199	C	G	0.0	1.0	0.0	1.0									0.17	0.27935	TERT-GBM	1.0
chr5	1295199	C	T	0.0	1.0	0.0	1.0									-0.93	0.0	TERT-GBM	1.0
chr5	1295200	C	A	0.0	1.0	0.0	1.0									0.07	0.15922	TERT-GBM	1.0
chr5	1295200	C	G	0.0	1.0	0.0	1.0									0.22	0.02001	TERT-GBM	1.0
chr5	1295200	C	T	43.65849836879637	0.0226447187771	1.0	1.0	0.0	0.0	upstream_gene_variant	4.0	3.635702599527359e-05	0.0	0.0	SNV	0.13	0.00031	TERT-GBM	1.0
chr5	1295201	C	A	0.0	1.0	0.0	1.0	0.0	0.0	upstream_gene_variant	1.0	9.089256498818396e-06	0.0	0.0	SNV	0.02	0.89304	TERT-GBM	1.0
chr5	1295201	C	G	0.0	1.0	0.0	1.0	0.0	0.0	upstream_gene_variant	1.0	9.089256498818396e-06	0.0	0.0	SNV	0.34	0.00931	TERT-GBM	1.0
chr5	1295201	C	T	0.0	1.0	0.0	1.0	0.0	0.0	upstream_gene_variant	1.0	9.089256498818396e-06	0.0	0.0	SNV	0.06	0.11964	TERT-GBM	1.0
chr5	1295202	T	A	0.0	1.0	0.0	1.0									0.15	0.00091	TERT-GBM	1.0
chr5	1295202	T	C	0.0	1.0	0.0	1.0									0.1	0.00071	TERT-GBM	1.0
chr5	1295202	T	G	0.0	1.0	0.0	1.0									-0.37	0.0	TERT-GBM	1.0
chr5	1295203	C	A	0.0	1.0	0.0	1.0									0.46	0.09827	TERT-GBM	1.0
chr5	1295203	C	G	0.0	1.0	0.0	1.0									0.03	0.83887	TERT-GBM	1.0
chr5	1295203	C	T	0.0	1.0	0.0	1.0									-0.06	0.16298	TERT-GBM	1.0
chr5	1295204	C	A	0.0	1.0	0.0	1.0									0.04	0.56637	TERT-GBM	1.0
chr5	1295204	C	G	0.0	1.0	0.0	1.0									0.07	0.40312	TERT-GBM	1.0
chr5	1295204	C	T	0.0	1.0	0.0	1.0									0.05	0.17222	TERT-GBM	1.0
chr5	1295205	C	A	0.0	1.0	0.0	1.0									0.15	0.0432	TERT-GBM	1.0
chr5	1295205	C	G	0.0	1.0	0.0	1.0									0.01	0.92091	TERT-GBM	1.0
chr5	1295205	C	T	0.0	1.0	0.0	1.0	0.0	0.0	upstream_gene_variant	1.0	9.089256498818396e-06	0.0	0.0	SNV	0.02	0.59601	TERT-GBM	1.0
chr5	1295206	C	A	0.0	1.0	0.0	1.0	0.0	0.0	upstream_gene_variant	2.0	1.81785129976368e-05	0.0	0.0	SNV	-0.28	0.0	TERT-GBM	1.0
chr5	1295206	C	G	0.0	1.0	0.0	1.0									-0.38	0.0	TERT-GBM	1.0
chr5	1295206	C	T	0.0	1.0	0.0	1.0	0.0	0.0	upstream_gene_variant	3.0	2.726776949645519e-05	0.0	0.0	SNV	-0.16	1e-05	TERT-GBM	1.0
chr5	1295207	C	A	0.0	1.0	0.0	1.0									-0.09	0.09898	TERT-GBM	1.0
chr5	1295207	C	G	0.0	1.0	0.0	1.0	0.0	0.0	upstream_gene_variant	6.0	5.453553899291038e-05	0.0	0.0	SNV	-0.06	0.24387	TERT-GBM	1.0
chr5	1295207	C	T	0.0	1.0	0.0	1.0									0.0	0.93755	TERT-GBM	1.0
chr5	1295208	C	A	0.0	1.0	0.0	1.0	0.0	0.0	upstream_gene_variant	1.0	9.089256498818396e-06	1.0	0.0002558199027884	SNV	0.15	0.0024	TERT-GBM	1.0
chr5	1295208	C	G	0.0	1.0	0.0	1.0									0.06	0.6396	TERT-GBM	1.0
chr5	1295208	C	T	0.0	1.0	0.0	1.0	0.0	0.0	upstream_gene_variant	2.0	1.81785129976368e-05	0.0	0.0	SNV	0.12	0.00033	TERT-GBM	1.0
chr5	1295209	C	A	0.0	1.0	0.0	1.0									0.26	0.01142	TERT-GBM	1.0
chr5	1295209	C	G	0.0	1.0	0.0	1.0									0.12	0.12568	TERT-GBM	1.0
chr5	1295209	C	T	0.0	1.0	0.0	1.0	0.0	0.0	upstream_gene_variant	1.0	9.089256498818396e-06	0.0	0.0	SNV	0.21	0.0	TERT-GBM	1.0
chr5	1295210	T	A	0.0	1.0	0.0	1.0									-0.33	0.0	TERT-GBM	1.0
chr5	1295210	T	C	0.0	1.0	0.0	1.0	0.0	0.0	upstream_gene_variant	1.0	9.089256498818396e-06	0.0	0.0	SNV	-0.05	0.0614	TERT-GBM	1.0
chr5	1295210	T	G	0.0	1.0	0.0	1.0									0.0	0.96753	TERT-GBM	1.0
chr5	1295211	C	A	0.0	1.0	0.0	1.0									0.0	0.97161	TERT-GBM	1.0
chr5	1295211	C	G	0.0	1.0	0.0	1.0									0.89	0.0002	TERT-GBM	1.0
chr5	1295211	C	T	0.0	1.0	0.0	1.0	2.0	0.0002458210422812		0.0	0.0	0.0	0.0	SNV	0.15	0.00071	TERT-GBM	1.0
chr5	1295212	C	A	0.0	1.0	0.0	1.0									0.05	0.32134	TERT-GBM	1.0
chr5	1295212	C	G	0.0	1.0	0.0	1.0									0.15	0.19932	TERT-GBM	1.0
chr5	1295212	C	T	0.0	1.0	0.0	1.0	1.0	0.0001229105211406	upstream_gene_variant	1.0	9.089256498818396e-06	0.0	0.0	SNV	0.09	0.06204	TERT-GBM	1.0
chr5	1295213	C	A	0.0	1.0	0.0	1.0									0.2	0.00976	TERT-GBM	1.0
chr5	1295213	C	G	0.0	1.0	0.0	1.0									0.32	0.11332	TERT-GBM	1.0
chr5	1295213	C	T	0.0	1.0	0.0	1.0									0.1	0.00996	TERT-GBM	1.0
chr5	1295214	C	A	0.0	1.0	0.0	1.0	1.0	0.0001229105211406		0.0	0.0	0.0	0.0	SNV	0.03	0.60174	TERT-GBM	1.0
chr5	1295214	C	G	0.0	1.0	0.0	1.0									0.47	0.02346	TERT-GBM	1.0
chr5	1295214	C	T	0.0	1.0	0.0	1.0	0.0	0.0	upstream_gene_variant	1.0	9.089256498818396e-06	0.0	0.0	SNV	0.07	0.05795	TERT-GBM	1.0
chr5	1295215	T	A	0.0	1.0	0.0	1.0									-0.12	0.00083	TERT-GBM	1.0
chr5	1295215	T	C	0.0	1.0	0.0	1.0	0.0	0.0	upstream_gene_variant	4.0	3.635702599527359e-05	0.0	0.0	SNV	0.1	0.00205	TERT-GBM	1.0
chr5	1295215	T	G	0.0	1.0	0.0	1.0									0.14	0.06313	TERT-GBM	1.0
chr5	1295216	C	A	0.0	1.0	0.0	1.0									0.05	0.46023	TERT-GBM	1.0
chr5	1295216	C	G	0.0	1.0	0.0	1.0									0.13	0.03276	TERT-GBM	1.0
chr5	1295216	C	T	0.0	1.0	0.0	1.0									-0.04	0.23786	TERT-GBM	1.0
chr5	1295217	T	A	0.0	1.0	0.0	1.0									-0.21	3e-05	TERT-GBM	1.0
chr5	1295217	T	C	0.0	1.0	0.0	1.0	0.0	0.0	upstream_gene_variant	3.0	2.726776949645519e-05	0.0	0.0	SNV	-0.13	0.0	TERT-GBM	1.0
chr5	1295217	T	G	0.0	1.0	0.0	1.0									0.01	0.95745	TERT-GBM	1.0
chr5	1295218	C	A	0.0	1.0	0.0	1.0	0.0	0.0	upstream_gene_variant	1.0	9.089256498818396e-06	0.0	0.0	SNV	-0.06	0.68429	TERT-GBM	1.0
chr5	1295218	C	G	0.0	1.0	0.0	1.0									-0.01	0.90792	TERT-GBM	1.0
chr5	1295218	C	T	0.0	1.0	0.0	1.0									0.03	0.48483	TERT-GBM	1.0
chr5	1295219	C	A	0.0	1.0	0.0	1.0									-0.05	0.37616	TERT-GBM	1.0
chr5	1295219	C	G	0.0	1.0	0.0	1.0									-0.22	0.148	TERT-GBM	1.0
chr5	1295219	C	T	0.0	1.0	0.0	1.0	2.0	0.0002458210422812		0.0	0.0	0.0	0.0	SNV	0.03	0.51879	TERT-GBM	1.0
chr5	1295220	C	A	0.0	1.0	0.0	1.0	0.0	0.0	upstream_gene_variant	1.0	9.089256498818396e-06	0.0	0.0	SNV	0.02	0.76413	TERT-GBM	1.0
chr5	1295220	C	G	0.0	1.0	0.0	1.0									-0.04	0.78365	TERT-GBM	1.0
chr5	1295220	C	T	0.0	1.0	0.0	1.0									0.28	0.0	TERT-GBM	1.0
chr5	1295221	T	A	0.0	1.0	0.0	1.0									-0.13	0.0	TERT-GBM	1.0
chr5	1295221	T	C	0.0	1.0	0.0	1.0	0.0	0.0	upstream_gene_variant	4.0	3.635702599527359e-05	0.0	0.0	SNV	-0.1	0.00139	TERT-GBM	1.0
chr5	1295221	T	G	0.0	1.0	0.0	1.0									0.14	0.13809	TERT-GBM	1.0
chr5	1295222	C	A	0.0	1.0	0.0	1.0									0.11	0.22998	TERT-GBM	1.0
chr5	1295222	C	G	0.0	1.0	0.0	1.0									0.0	0.95158	TERT-GBM	1.0
chr5	1295222	C	T	0.0	1.0	0.0	1.0									-0.1	0.02514	TERT-GBM	1.0
chr5	1295223	C	A	0.0	1.0	0.0	1.0									-0.15	0.00411	TERT-GBM	1.0
chr5	1295223	C	G	0.0	1.0	0.0	1.0									0.08	0.11776	TERT-GBM	1.0
chr5	1295223	C	T	0.0	1.0	0.0	1.0	0.0	0.0	upstream_gene_variant	2.0	1.81785129976368e-05	0.0	0.0	SNV	-0.06	0.2331	TERT-GBM	1.0
chr5	1295224	C	A	0.0	1.0	0.0	1.0									-0.01	0.92436	TERT-GBM	1.0
chr5	1295224	C	G	0.0	1.0	0.0	1.0	0.0	0.0	upstream_gene_variant	1.0	9.089256498818396e-06	0.0	0.0	SNV	0.23	0.0	TERT-GBM	1.0
chr5	1295224	C	T	0.0	1.0	0.0	1.0	0.0	0.0	upstream_gene_variant	4.0	3.635702599527359e-05	0.0	0.0	SNV	-0.11	0.00379	TERT-GBM	1.0
chr5	1295225	C	A	0.0	1.0	0.0	1.0									0.08	0.45922	TERT-GBM	1.0
chr5	1295225	C	G	0.0	1.0	0.0	1.0									-0.04	0.78639	TERT-GBM	1.0
chr5	1295225	C	T	0.0	1.0	0.0	1.0	0.0	0.0	upstream_gene_variant	3.0	2.726776949645519e-05	0.0	0.0	SNV	0.18	1e-05	TERT-GBM	1.0
chr5	1295226	C	A	0.0	1.0	0.0	1.0	0.0	0.0	upstream_gene_variant	1.0	9.089256498818396e-06	0.0	0.0	SNV	-0.2	0.04805	TERT-GBM	1.0
chr5	1295226	C	G	0.0	1.0	0.0	1.0									-0.25	0.03809	TERT-GBM	1.0
chr5	1295226	C	T	0.0	1.0	0.0	1.0									-0.1	0.15504	TERT-GBM	1.0
chr5	1295227	T	A	0.0	1.0	0.0	1.0	0.0	0.0	upstream_gene_variant	1.0	9.089256498818396e-06	0.0	0.0	SNV	-0.29	0.01029	TERT-GBM	1.0
chr5	1295227	T	C	0.0	1.0	0.0	1.0									-0.28	0.00039	TERT-GBM	1.0
chr5	1295227	T	G	0.0	1.0	0.0	1.0									-0.3	0.2598	TERT-GBM	1.0
chr5	1295228	C	A	0.0	1.0	0.0	1.0									-0.2	0.15513	TERT-GBM	1.0
chr5	1295228	C	G	0.0	1.0	0.0	1.0									-0.17	0.19284	TERT-GBM	1.0
chr5	1295228	C	T	0.0	1.0	0.0	1.0	1.0	0.0001229105211406		0.0	0.0	0.0	0.0	SNV	0.07	0.06259	TERT-GBM	1.0
chr5	1295229	C	A	0.0	1.0	0.0	1.0									0.04	0.66074	TERT-GBM	1.0
chr5	1295229	C	G	0.0	1.0	0.0	1.0									-0.18	0.0027	TERT-GBM	1.0
chr5	1295229	C	T	0.0	1.0	0.0	1.0	1.0	0.0001229105211406	upstream_gene_variant	1.0	9.089256498818396e-06	0.0	0.0	SNV	-0.01	0.64668	TERT-GBM	1.0
chr5	1295230	T	A	0.0	1.0	0.0	1.0									-0.15	0.1213	TERT-GBM	1.0
chr5	1295230	T	C	0.0	1.0	0.0	1.0	0.0	0.0	upstream_gene_variant	1.0	9.089256498818396e-06	0.0	0.0	SNV	0.0	0.95686	TERT-GBM	1.0
chr5	1295230	T	G	0.0	1.0	0.0	1.0									0.12	0.47168	TERT-GBM	1.0
chr5	1295231	C	A	0.0	1.0	0.0	1.0									-0.03	0.843	TERT-GBM	1.0
chr5	1295231	C	G	0.0	1.0	0.0	1.0									-0.06	0.67279	TERT-GBM	1.0
chr5	1295231	C	T	0.0	1.0	0.0	1.0	0.0	0.0	upstream_gene_variant	2.0	1.81785129976368e-05	0.0	0.0	SNV	0.07	0.12161	TERT-GBM	1.0
chr5	1295232	C	A	0.0	1.0	0.0	1.0									-0.1	0.24086	TERT-GBM	1.0
chr5	1295232	C	G	0.0	1.0	0.0	1.0									0.1	0.83306	TERT-GBM	1.0
chr5	1295232	C	T	0.0	1.0	0.0	1.0	1.0	0.0001229105211406		0.0	0.0	0.0	0.0	SNV	0.03	0.58058	TERT-GBM	1.0
chr5	1295233	C	A	0.0	1.0	0.0	1.0									0.34	0.01652	TERT-GBM	1.0
chr5	1295233	C	G	0.0	1.0	0.0	1.0									-0.64	0.10716	TERT-GBM	1.0
chr5	1295233	C	T	0.0	1.0	0.0	1.0	0.0	0.0	upstream_gene_variant	5.0	4.544628249409198e-05	0.0	0.0	SNV	0.13	0.05014	TERT-GBM	1.0
chr5	1295234	T	A	0.0	1.0	0.0	1.0	0.0	0.0	upstream_gene_variant	1.0	9.089256498818396e-06	1.0	0.0002558199027884	SNV	-0.05	0.65804	TERT-GBM	1.0
chr5	1295234	T	C	180.4096138431988	0.0055276080993712	1.0	1.0	0.0	0.0	upstream_gene_variant	1.0	9.089256498818396e-06	0.0	0.0	SNV	-0.07	0.31594	TERT-GBM	1.0
chr5	1295234	T	G	0.0	1.0	0.0	1.0									0.42	0.06971	TERT-GBM	1.0
chr5	1295235	T	A	0.0	1.0	0.0	1.0									-0.03	0.75178	TERT-GBM	1.0
chr5	1295235	T	C	0.0	1.0	0.0	1.0	0.0	0.0	upstream_gene_variant	8.0	7.271405199054717e-05	0.0	0.0	SNV	-0.17	0.03976	TERT-GBM	1.0
chr5	1295235	T	G	0.0	1.0	0.0	1.0									-0.2	0.43791	TERT-GBM	1.0
chr5	1295236	C	A	0.0	1.0	0.0	1.0									-0.03	0.7081	TERT-GBM	1.0
chr5	1295236	C	G	0.0	1.0	0.0	1.0									0.06	0.73419	TERT-GBM	1.0
chr5	1295236	C	T	0.0	1.0	0.0	1.0	0.0	0.0	upstream_gene_variant	1.0	9.089256498818396e-06	0.0	0.0	SNV	-0.02	0.61213	TERT-GBM	1.0
chr5	1295237	C	A	0.0	1.0	0.0	1.0									0.08	0.35135	TERT-GBM	1.0
chr5	1295237	C	G	0.0	1.0	0.0	1.0									-0.12	0.10523	TERT-GBM	1.0
chr5	1295237	C	T	0.0	1.0	0.0	1.0									0.04	0.32122	TERT-GBM	1.0
chr5	1295238	C	A	0.0	1.0	0.0	1.0									0.15	0.27792	TERT-GBM	1.0
chr5	1295238	C	G	0.0	1.0	0.0	1.0									0.04	0.81647	TERT-GBM	1.0
chr5	1295238	C	T	0.0	1.0	0.0	1.0									0.02	0.60152	TERT-GBM	1.0
chr5	1295239	C	A	0.0	1.0	0.0	1.0									-0.17	0.05786	TERT-GBM	1.0
chr5	1295239	C	G	0.0	1.0	0.0	1.0									0.07	0.50617	TERT-GBM	1.0
chr5	1295239	C	T	0.0	1.0	0.0	1.0									-0.05	0.29219	TERT-GBM	1.0
chr5	1295240	C	A	53.95168103412782	0.0183643850050111	1.0	1.0									-0.01	0.90634	TERT-GBM	1.0
chr5	1295240	C	G	0.0	1.0	0.0	1.0	0.0	0.0	upstream_gene_variant	1.0	9.089256498818396e-06	0.0	0.0	SNV	0.12	0.60907	TERT-GBM	1.0
chr5	1295240	C	T	0.0	1.0	0.0	1.0	0.0	0.0	upstream_gene_variant	2.0	1.81785129976368e-05	0.0	0.0	SNV	-0.05	0.25467	TERT-GBM	1.0
chr5	1295241	C	A	0.0	1.0	0.0	1.0									0.03	0.83765	TERT-GBM	1.0
chr5	1295241	C	G	0.0	1.0	0.0	1.0									-0.11	0.41888	TERT-GBM	1.0
chr5	1295241	C	T	0.0	1.0	0.0	1.0									0.03	0.40947	TERT-GBM	1.0
chr5	1295242	T	A	0.0	1.0	0.0	1.0									0.03	0.70453	TERT-GBM	1.0
chr5	1295242	T	C	0.0	1.0	0.0	1.0	0.0	0.0	upstream_gene_variant	1.0	9.089256498818396e-06	0.0	0.0	SNV	0.08	0.35954	TERT-GBM	1.0
chr5	1295242	T	G	0.0	1.0	0.0	1.0									0.25	0.03038	TERT-GBM	1.0
chr5	1295243	C	A	0.0	1.0	0.0	1.0									0.13	0.07773	TERT-GBM	1.0
chr5	1295243	C	G	0.0	1.0	0.0	1.0									0.02	0.89234	TERT-GBM	1.0
chr5	1295243	C	T	0.0	1.0	0.0	1.0									-0.05	0.42464	TERT-GBM	1.0
chr5	1295244	C	A	0.0	1.0	0.0	1.0									0.04	0.4677	TERT-GBM	1.0
chr5	1295244	C	G	0.0	1.0	0.0	1.0	1.0	0.0001229105211406		0.0	0.0	0.0	0.0	SNV	0.14	0.28579	TERT-GBM	1.0
chr5	1295244	C	T	0.0	1.0	0.0	1.0									0.05	0.40076	TERT-GBM	1.0
chr5	1295245	T	A	0.0	1.0	0.0	1.0									-0.09	0.12022	TERT-GBM	1.0
chr5	1295245	T	C	0.0	1.0	0.0	1.0	0.0	0.0	upstream_gene_variant	1.0	9.089256498818396e-06	0.0	0.0	SNV	-0.03	0.81873	TERT-GBM	1.0
chr5	1295245	T	G	0.0	1.0	0.0	1.0									0.21	0.04407	TERT-GBM	1.0
chr5	1295246	C	A	0.0	1.0	0.0	1.0	0.0	0.0	upstream_gene_variant	1.0	9.089256498818396e-06	0.0	0.0	SNV	0.09	0.36957	TERT-GBM	1.0
chr5	1295246	C	G	0.0	1.0	0.0	1.0									-0.29	0.07812	TERT-GBM	1.0
chr5	1295246	C	T	0.0	1.0	0.0	1.0	0.0	0.0	upstream_gene_variant	1.0	9.089256498818396e-06	0.0	0.0	SNV	0.01	0.83495	TERT-GBM	1.0
chr5	1295247	C	A	0.0	1.0	0.0	1.0									0.05	0.54914	TERT-GBM	1.0
chr5	1295247	C	G	0.0	1.0	0.0	1.0									0.07	0.57782	TERT-GBM	1.0
chr5	1295247	C	T	0.0	1.0	0.0	1.0									-0.08	0.01658	TERT-GBM	1.0
chr5	1295248	C	A	0.0	1.0	0.0	1.0												0.0
chr5	1295248	C	G	0.0	1.0	0.0	1.0												0.0
chr5	1295248	C	T	0.0	1.0	0.0	1.0												0.0
chr5	1295249	C	A	0.0	1.0	0.0	1.0												0.0
chr5	1295249	C	G	0.0	1.0	0.0	1.0												0.0
chr5	1295249	C	T	0.0	1.0	0.0	1.0												0.0
chr5	1295250	C	A	0.0	1.0	0.0	1.0												0.0
chr5	1295250	C	G	0.0	1.0	0.0	1.0												0.0
chr5	1295250	C	T	0.0	1.0	0.0	1.0	0.0	0.0	upstream_gene_variant	3.0	2.726776949645519e-05	1.0	0.0002558199027884	SNV				0.0
chr5	1295251	T	A	0.0	1.0	0.0	1.0												0.0
chr5	1295251	T	C	0.0	1.0	0.0	1.0	0.0	0.0	upstream_gene_variant	2.0	1.81785129976368e-05	0.0	0.0	SNV				0.0
chr5	1295251	T	G	0.0	1.0	0.0	1.0												0.0
chr5	1295252	C	A	0.0	1.0	0.0	1.0												0.0
chr5	1295252	C	G	0.0	1.0	0.0	1.0												0.0
chr5	1295252	C	T	0.0	1.0	0.0	1.0												0.0
chr5	1295253	T	A	0.0	1.0	0.0	1.0												0.0
chr5	1295253	T	C	0.0	1.0	0.0	1.0	0.0	0.0	upstream_gene_variant	3.0	2.726776949645519e-05	0.0	0.0	SNV				0.0
chr5	1295253	T	G	0.0	1.0	0.0	1.0												0.0
chr5	1295254	C	A	0.0	1.0	0.0	1.0												0.0
chr5	1295254	C	G	0.0	1.0	0.0	1.0												0.0
chr5	1295254	C	T	0.0	1.0	0.0	1.0												0.0
chr5	1295255	T	A	0.0	1.0	0.0	1.0												0.0
chr5	1295255	T	C	0.0	1.0	0.0	1.0												0.0
chr5	1295255	T	G	0.0	1.0	0.0	1.0												0.0
chr5	1295256	C	A	0.0	1.0	0.0	1.0												0.0
chr5	1295256	C	G	0.0	1.0	0.0	1.0												0.0
chr5	1295256	C	T	0.0	1.0	0.0	1.0												0.0
chr5	1295257	C	A	0.0	1.0	0.0	1.0												0.0
chr5	1295257	C	G	0.0	1.0	0.0	1.0												0.0
chr5	1295257	C	T	0.0	1.0	0.0	1.0	0.0	0.0	upstream_gene_variant	1.0	9.089256498818396e-06	0.0	0.0	SNV				0.0
chr5	1295258	C	A	0.0	1.0	0.0	1.0												0.0
chr5	1295258	C	G	0.0	1.0	0.0	1.0												0.0
chr5	1295258	C	T	0.0	1.0	0.0	1.0	1.0	0.0001229105211406		0.0	0.0	0.0	0.0	SNV				0.0
chr5	1295259	C	A	0.0	1.0	0.0	1.0	0.0	0.0	upstream_gene_variant	2.0	1.81785129976368e-05	0.0	0.0	SNV				0.0
chr5	1295259	C	G	0.0	1.0	0.0	1.0												0.0
chr5	1295259	C	T	0.0	1.0	0.0	1.0	2.0	0.0002458210422812		0.0	0.0	0.0	0.0	SNV				0.0
chr5	1295260	C	A	0.0	1.0	0.0	1.0												0.0
chr5	1295260	C	G	0.0	1.0	0.0	1.0												0.0
chr5	1295260	C	T	0.0	1.0	0.0	1.0	0.0	0.0	upstream_gene_variant	1.0	9.089256498818396e-06	0.0	0.0	SNV				0.0
chr5	1295261	C	A	0.0	1.0	0.0	1.0												0.0
chr5	1295261	C	G	0.0	1.0	0.0	1.0												0.0
chr5	1295261	C	T	0.0	1.0	0.0	1.0												0.0
chr5	1295262	C	A	0.0	1.0	0.0	1.0												0.0
chr5	1295262	C	G	0.0	1.0	0.0	1.0												0.0
chr5	1295262	C	T	0.0	1.0	0.0	1.0	0.0	0.0	upstream_gene_variant	3.0	2.726776949645519e-05	0.0	0.0	SNV				0.0
chr5	1295263	T	A	0.0	1.0	0.0	1.0												0.0
chr5	1295263	T	C	0.0	1.0	0.0	1.0	0.0	0.0	upstream_gene_variant	1.0	9.089256498818396e-06	0.0	0.0	SNV				0.0
chr5	1295263	T	G	0.0	1.0	0.0	1.0												0.0
chr5	1295264	T	A	0.0	1.0	0.0	1.0												0.0
chr5	1295264	T	C	0.0	1.0	0.0	1.0												0.0
chr5	1295264	T	G	0.0	1.0	0.0	1.0												0.0
chr5	1295265	T	A	0.0	1.0	0.0	1.0												0.0
chr5	1295265	T	C	0.0	1.0	0.0	1.0												0.0
chr5	1295265	T	G	0.0	1.0	0.0	1.0												0.0
chr5	1295266	C	A	0.0	1.0	0.0	1.0												0.0
chr5	1295266	C	G	0.0	1.0	0.0	1.0												0.0
chr5	1295266	C	T	0.0	1.0	0.0	1.0												0.0
chr5	1295267	C	A	0.0	1.0	0.0	1.0												0.0
chr5	1295267	C	G	0.0	1.0	0.0	1.0												0.0
chr5	1295267	C	T	0.0	1.0	0.0	1.0												0.0
chr5	1295268	T	A	0.0	1.0	0.0	1.0												0.0
chr5	1295268	T	C	0.0	1.0	0.0	1.0	0.0	0.0	upstream_gene_variant	1.0	9.089256498818396e-06	0.0	0.0	SNV				0.0
chr5	1295268	T	G	0.0	1.0	0.0	1.0												0.0
chr5	1295269	C	A	0.0	1.0	0.0	1.0												0.0
chr5	1295269	C	G	0.0	1.0	0.0	1.0	0.0	0.0	upstream_gene_variant	1.0	9.089256498818396e-06	0.0	0.0	SNV				0.0
chr5	1295269	C	T	0.0	1.0	0.0	1.0												0.0
chr5	1295270	T	A	0.0	1.0	0.0	1.0												0.0
chr5	1295270	T	C	0.0	1.0	0.0	1.0												0.0
chr5	1295270	T	G	0.0	1.0	0.0	1.0												0.0
chr5	1295271	C	A	0.0	1.0	0.0	1.0	0.0	0.0	upstream_gene_variant	2.0	1.81785129976368e-05	0.0	0.0	SNV				0.0
chr5	1295271	C	G	0.0	1.0	0.0	1.0												0.0
chr5	1295271	C	T	0.0	1.0	0.0	1.0	0.0	0.0	upstream_gene_variant	2.0	1.81785129976368e-05	1.0	0.0002558199027884	SNV				0.0
chr5	1295272	C	A	0.0	1.0	0.0	1.0												0.0
chr5	1295272	C	G	0.0	1.0	0.0	1.0												0.0
chr5	1295272	C	T	0.0	1.0	0.0	1.0	0.0	0.0	upstream_gene_variant	1.0	9.089256498818396e-06	0.0	0.0	SNV				0.0
chr5	1295273	C	A	0.0	1.0	0.0	1.0												0.0
chr5	1295273	C	G	0.0	1.0	0.0	1.0												0.0
chr5	1295273	C	T	0.0	1.0	0.0	1.0	0.0	0.0	upstream_gene_variant	1.0	9.089256498818396e-06	0.0	0.0	SNV				0.0
chr5	1295274	T	A	0.0	1.0	0.0	1.0												0.0
chr5	1295274	T	C	0.0	1.0	0.0	1.0	0.0	0.0	upstream_gene_variant	1.0	9.089256498818396e-06	0.0	0.0	SNV				0.0
chr5	1295274	T	G	0.0	1.0	0.0	1.0												0.0
chr5	1295275	C	A	0.0	1.0	0.0	1.0												0.0
chr5	1295275	C	G	0.0	1.0	0.0	1.0												0.0
chr5	1295275	C	T	0.0	1.0	0.0	1.0												0.0
chr5	1295276	C	A	0.0	1.0	0.0	1.0	0.0	0.0	upstream_gene_variant	1.0	9.089256498818396e-06	0.0	0.0	SNV				0.0
chr5	1295276	C	G	0.0	1.0	0.0	1.0												0.0
chr5	1295276	C	T	0.0	1.0	0.0	1.0	0.0	0.0	upstream_gene_variant	3.0	2.726776949645519e-05	0.0	0.0	SNV				0.0
chr5	1295277	C	A	0.0	1.0	0.0	1.0												0.0
chr5	1295277	C	G	0.0	1.0	0.0	1.0												0.0
chr5	1295277	C	T	0.0	1.0	0.0	1.0												0.0
chr5	1295278	C	A	0.0	1.0	0.0	1.0												0.0
chr5	1295278	C	G	0.0	1.0	0.0	1.0												0.0
chr5	1295278	C	T	0.0	1.0	0.0	1.0												0.0
chr5	1295279	C	A	0.0	1.0	0.0	1.0												0.0
chr5	1295279	C	G	0.0	1.0	0.0	1.0												0.0
chr5	1295279	C	T	0.0	1.0	0.0	1.0	0.0	0.0	upstream_gene_variant	3.0	2.726776949645519e-05	0.0	0.0	SNV				0.0
chr5	1295280	C	A	0.0	1.0	0.0	1.0												0.0
chr5	1295280	C	G	0.0	1.0	0.0	1.0												0.0
chr5	1295280	C	T	0.0	1.0	0.0	1.0	0.0	0.0	upstream_gene_variant	1.0	9.089256498818396e-06	0.0	0.0	SNV				0.0
chr5	1295281	C	A	0.0	1.0	0.0	1.0												0.0
chr5	1295281	C	G	0.0	1.0	0.0	1.0												0.0
chr5	1295281	C	T	0.0	1.0	0.0	1.0												0.0
chr5	1295282	C	A	0.0	1.0	0.0	1.0												0.0
chr5	1295282	C	G	0.0	1.0	0.0	1.0												0.0
chr5	1295282	C	T	0.0	1.0	0.0	1.0	1.0	0.0001229105211406	upstream_gene_variant	1.0	9.089256498818396e-06	1.0	0.0002558199027884	SNV				0.0
chr5	1295283	T	A	0.0	1.0	0.0	1.0												0.0
chr5	1295283	T	C	0.0	1.0	0.0	1.0	0.0	0.0	upstream_gene_variant	3.0	2.726776949645519e-05	0.0	0.0	SNV				0.0
chr5	1295283	T	G	0.0	1.0	0.0	1.0												0.0
chr5	1295284	C	A	0.0	1.0	0.0	1.0												0.0
chr5	1295284	C	G	0.0	1.0	0.0	1.0	0.0	0.0	upstream_gene_variant	3.0	2.726776949645519e-05	0.0	0.0	SNV				0.0
chr5	1295284	C	T	0.0	1.0	0.0	1.0												0.0
chr5	1295285	C	A	0.0	1.0	0.0	1.0												0.0
chr5	1295285	C	G	0.0	1.0	0.0	1.0												0.0
chr5	1295285	C	T	0.0	1.0	0.0	1.0	0.0	0.0	upstream_gene_variant	1.0	9.089256498818396e-06	0.0	0.0	SNV				0.0
chr5	1295286	C	A	0.0	1.0	0.0	1.0												0.0
chr5	1295286	C	G	0.0	1.0	0.0	1.0												0.0
chr5	1295286	C	T	104.7706730821775	0.0094992500298883	1.0	1.0	0.0	0.0	upstream_gene_variant	2.0	1.81785129976368e-05	0.0	0.0	SNV				0.0
chr5	1295287	C	A	0.0	1.0	0.0	1.0												0.0
chr5	1295287	C	G	0.0	1.0	0.0	1.0												0.0
chr5	1295287	C	T	0.0	1.0	0.0	1.0	0.0	0.0	upstream_gene_variant	1.0	9.089256498818396e-06	0.0	0.0	SNV				0.0
chr5	1295288	C	A	0.0	1.0	0.0	1.0												0.0
chr5	1295288	C	G	0.0	1.0	0.0	1.0												0.0
chr5	1295288	C	T	0.0	1.0	0.0	1.0												0.0
chr5	1295289	C	A	0.0	1.0	0.0	1.0												0.0
chr5	1295289	C	G	0.0	1.0	0.0	1.0												0.0
chr5	1295289	C	T	0.0	1.0	0.0	1.0												0.0
